{
  "best_params": {
    "subsample_freq": 5,
    "subsample": 0.9,
    "scale_pos_weight": 5.0,
    "reg_lambda": 5.0,
    "reg_alpha": 2.0,
    "path_smooth": 0.0,
    "num_leaves": 63,
    "min_split_gain": 0.1,
    "min_child_weight": 0.001,
    "min_child_samples": 20,
    "max_depth": 30,
    "max_bin": 255,
    "learning_rate": 0.1,
    "colsample_bytree": 0.7,
    "colsample_bynode": 0.6
  },
  "best_val_score": 0.10808287280316023,
  "param_grid": {
    "num_leaves": [
      15,
      31,
      63,
      127,
      255
    ],
    "max_depth": [
      -1,
      5,
      10,
      15,
      20,
      25,
      30
    ],
    "min_child_samples": [
      10,
      20,
      30,
      50,
      100,
      200
    ],
    "min_child_weight": [
      0.001,
      0.01,
      0.1,
      1.0,
      5.0
    ],
    "learning_rate": [
      0.005,
      0.01,
      0.03,
      0.05,
      0.1,
      0.15,
      0.2
    ],
    "subsample": [
      0.6,
      0.7,
      0.8,
      0.9,
      0.95,
      1.0
    ],
    "subsample_freq": [
      0,
      1,
      3,
      5,
      7
    ],
    "colsample_bytree": [
      0.6,
      0.7,
      0.8,
      0.9,
      1.0
    ],
    "colsample_bynode": [
      0.6,
      0.7,
      0.8,
      0.9,
      1.0
    ],
    "scale_pos_weight": [
      1.0,
      2.0,
      5.0,
      10.0,
      20.0,
      50.0,
      100.0,
      200.0,
      500.0,
      7.700337960741721
    ],
    "reg_alpha": [
      0.0,
      0.01,
      0.1,
      0.5,
      1.0,
      2.0,
      5.0
    ],
    "reg_lambda": [
      0.0,
      0.01,
      0.1,
      0.5,
      1.0,
      2.0,
      5.0,
      10.0
    ],
    "min_split_gain": [
      0.0,
      0.1,
      0.5,
      1.0
    ],
    "max_bin": [
      63,
      127,
      255,
      511
    ],
    "path_smooth": [
      0.0,
      0.1,
      0.5,
      1.0
    ]
  },
  "fixed_params": {
    "random_state": 42,
    "n_jobs": 8,
    "boosting_type": "gbdt",
    "objective": "binary",
    "verbose": -1,
    "n_estimators": 3000
  },
  "n_iter": 500,
  "scoring": "average_precision",
  "tuning_time_seconds": 7090.866307973862,
  "total_param_combinations": 197568000000,
  "search_space_coverage_pct": 2.530774214447684e-07,
  "split_info": {
    "train_years": "year <= 2022",
    "val_years": "2023 <= year <= 2023",
    "n_train": 1650167,
    "n_val": 308122,
    "auto_scale_pos_weight": 7.700337960741721
  }
}