tree
version=v4
num_class=1
num_tree_per_iteration=1
label_index=0
max_feature_idx=84
objective=lambdarank
feature_names=elevation_b1 elevation_b2 GSN_b1 GSN_b2 GSN_b3 GSN_b4 GSN_b5 powerplants_b2 WorldClim_b1 WorldClim_b2 WorldClim_b3 WorldClim_b4 WorldClim_b5 WorldClim_b6 WorldClim_b7 WorldClim_b8 WorldClim_b9 WorldClim_b10 WorldClim_b11 WorldClim_b12 WorldClim_b13 WorldClim_b14 WorldClim_b15 WorldClim_b16 WorldClim_b17 WorldClim_b18 WorldClim_b19 deforestation_b1 deforestation_b2 deforestation_b3 GPW HNTL landcover NDVI policy_b1 policy_b2 policy_b3 policy_b4 wildfire_b1 wildfire_b2 economic_value_lag1 dist_wdpa dist_road dist_oil_gas dist_powerplant dist_indigenous elevation_b1_smooth4 elevation_b1_smooth16 elevation_b1_smooth64 elevation_b2_smooth4 elevation_b2_smooth16 elevation_b2_smooth64 NDVI_smooth16 NDVI_smooth64 GPW_smooth16 GPW_smooth64 HNTL_smooth16 HNTL_smooth64 deforestation_b1_smooth16 deforestation_b1_smooth64 wildfire_b1_smooth16 wildfire_b1_smooth64 GSN_b1_smooth16 GSN_b1_smooth64 GSN_b2_smooth16 GSN_b2_smooth64 GSN_b3_smooth16 GSN_b3_smooth64 GSN_b4_smooth16 GSN_b4_smooth64 GSN_b5_smooth16 GSN_b5_smooth64 NDVI_trend5 deforestation_b1_trend5 HNTL_trend5 pa_momentum_pixels_lag1 pa_momentum_pixels_lag2 pa_momentum_pixels_lag3 country_pa_cumsum_lag1_pixels log_patch_size_km2 patch_pa_adjacency_frac patch_mean_gsn_b2 patch_designation_lag1 agb_tonne_ha dist_redd_km
feature_infos=[-10:5741.66650390625] [0:41.419418334960938] [0:1] [0:1] [0:1] [0:1] [0:2.5199999809265137] [0:4] [-94.160003662109375:289.51907348632812] [-48.792438507080078:300.52828979492188] [-139.38676452636719:278.55828857421875] [0:7473.1982421875] [0:829.2803955078125] [0:473.62591552734375] [0:207.74177551269531] [0:2438.468017578125] [0:1501.675537109375] [0:1694.5460205078125] [0:2367.105224609375] [0:203.47024536132812] [0:92.138442993164062] [0:6294.86279296875] [0:366] [-205.427734375:239] [0:336.74908447265625] [-130.71195983886719:289.24551391601562] [-59.792438507080078:292.72381591796875] [0:100] [0:1] [0:1] [0:14387.33984375] [0:63] [0:17] [-1396:8812] [-1:1] [0.15000000596046448:0.84800004959106445] [-1.3719232082366943:1.6644076108932495] [-1.7894854545593262:1.3540002107620239] [0:677] [0:1] [0:14207.69140625] [1000:630470.75] [0:1057407.875] [0:1077975.75] [0:1135695.875] [0:1246696.875] [-1.3999999761581421:5637.52099609375] [1:5388.671875] [2.2625830173492432:4974.5693359375] [0:32.754024505615234] [0.00037585903191938996:24.619592666625977] [0.013043506070971489:23.101661682128906] [-678.48828125:8819.7109375] [-275.6640625:8614.251953125] [0:12906.056640625] [0:5139.92724609375] [0:63] [-2.7775993741869172e-17:59.627090454101562] [0:98.576171875] [0:94.836502075195312] [0:350.2109375] [0:228.211181640625] [0:1] [0:0.96111190319061279] [0:1] [0:0.9999651312828064] [0:1] [0:1] [0:0.57421875] [0:0.27112925052642822] [0:2.4800000190734863] [0:2.4800000190734863] [-2287:2493.5] [-100:39] [-5.9256906509399414:7.3949975967407227] [0:1272218] [0:1272218] [0:1272218] [4174:2582649] [0:16.677675247192383] [0:1] [0:1] [0:1] [1:465.14410400390625] [0:1928.69677734375]
tree_sizes=7047 7009 7030 7024 7021 7028 7004 7054 6999 7017 7020 7043 7022 7049 7031 7006 7046 7038 6998 7035 7045 7025 7030 7040

Tree=0
num_leaves=64
num_cat=0
split_feature=1 59 14 3 48 21 61 76 26 81 57 15 48 80 79 40 41 48 36 40 53 66 37 27 71 5 54 25 76 41 65 54 83 14 32 28 8 63 0 4 67 69 43 78 27 13 36 74 13 22 41 47 76 8 74 78 36 80 13 15 37 22 67
split_gain=40.9956 28.6372 18.9377 18.9623 11.1214 12.0545 19.2312 16.9478 10.8579 10.2053 8.9859 8.37679 7.51195 6.49612 6.61751 6.54579 6.1907 6.1751 6.72083 6.09324 5.96596 7.10503 7.49918 6.0768 5.92423 5.84471 5.75707 5.48958 5.31401 5.29454 5.8194 5.2598 5.17661 5.1414 4.67494 4.66594 4.9988 4.56709 4.46206 4.40279 4.13169 4.07779 4.22384 4.06703 4.03288 4.03046 3.94229 3.89235 5.1026 3.80549 3.60885 3.56653 3.5599 3.44384 3.42973 3.36366 3.28702 5.06859 3.55722 3.25818 3.12446 3.12006 2.94561
threshold=0.3724470734596253 0.042820351198315627 20.000566482543949 0.85197097063064586 17.187371253967289 3743.775512695313 1.5288602113723757 51509.500000000007 266.17065429687506 0.19462215900421145 0.059328636154532439 1069.460876464844 20.102935791015629 0.014595177490264179 6.7298064231872567 122.11936950683595 36165.894531250007 125.96317672729494 1.1459329724311831 144.54927062988284 6029.1616210937509 0.0019594253972172741 -0.29633928835391993 57.091325759887702 1.8120312094688418 0.025019561871886257 39.907932281494148 266.99984741210943 207.50000000000003 35109.966796875007 0.3270155936479569 0.061511376872658736 229.45619201660159 52.823036193847663 9.5265851020813006 0.026281254366040233 212.14305114746097 5.5717700888635597e-05 7.2915058135986337 0.9542842209339143 4.3931762775173418e-05 0.13189642131328586 65890.085937500015 284980.50000000006 26.039048194885257 150.96447753906253 -0.48976819217205042 0.69834885001182567 15.475496768951418 321.99862670898443 13462.150390625002 5.1350328922271737 238782.00000000003 239.52981567382815 -0.07482887431979178 308048.50000000006 0.0013934999587945642 0.021180366165935997 0.15607805550098422 1217.7159423828127 -0.49091742932796473 284.77711486816412 0.30742275714874273
decision_type=10 10 10 2 10 10 8 8 10 2 10 10 10 2 2 2 2 8 2 2 10 2 2 8 2 2 10 10 10 2 2 10 10 10 2 10 10 2 10 2 2 2 2 2 10 10 2 8 10 10 2 10 10 10 10 2 2 2 10 10 2 10 2
left_child=4 9 17 8 -1 7 38 16 11 52 53 12 -4 40 -15 62 51 -3 25 28 21 22 47 35 -5 -19 31 45 -11 30 -12 -10 -13 -23 -28 36 -22 39 -7 -29 -14 42 -8 46 -34 -18 -42 48 -17 -26 -38 -6 -2 -9 -37 -44 57 58 61 -31 -47 -30 -16
right_child=1 2 3 24 5 6 41 10 26 19 29 32 13 14 15 20 27 18 -20 -21 23 33 -24 -25 49 -27 34 37 56 59 -32 -33 44 -35 -36 54 50 -39 -40 -41 43 -43 55 -45 -46 60 -48 -49 -50 -51 -52 -53 -54 -55 -56 -57 -58 -59 -60 -61 -62 -63 -64
leaf_value=-0.088700378695746707 -0.085807291593377383 -0.097565777966284184 -0.10000000000000001 -0.065832220056695534 0.023700882573953402 0.097673602491544165 0.076540023376645228 -0.093636180293107718 0.084982107729636186 -0.10000000000000001 -0.088341587178146386 -0.081939029378141903 -0.071512897963019545 -0.097056719559597451 0.076712077038973703 -0.067544669146097094 -0.089779873688400111 -0.053373742039121368 -0.085776826032887304 -0.099999999999999936 0.07284973030334306 -0.019912330171902696 0.083355632602837931 -0.088895044498228659 -0.09999999999999977 0.05267194334310691 0.056390548236585375 -0.075241996997432808 -0.099999999999999756 -0.05600445577510163 0.048498239590380902 -0.055164905682338922 0.065313155640398093 0.079085222106738892 -0.099999999999999839 -0.063106822984247385 -0.08204005513250974 0.075622634847231196 -0.091583656093114391 0.067032312085393148 -0.097685263392838895 -0.099999999999999589 0.049587623459801521 -0.087511781911352116 -0.035699779158472583 -0.099999999999999756 0.090271991079190206 0.078424527687853407 0.0064718770430563623 0.077464577921179861 0.022070809205901539 -0.090169171767459408 0.032032620147203358 0.044288717886380814 0.081404680004322105 -0.063905574315329547 0.09999999999999995 -0.099999999999999895 0.078943189262406621 0.074712428115884563 0.071985610144056897 0.07929584771536223 0.006145865889280613
leaf_weight=7.9188225018751828 9.195245660317596 3.0902624758309658 0.85464233765378494 6.2201203347503897 0.72164948680438357 0.33859895996283462 7.2606453155603941 0.47994361969176491 0.75611695968836823 0.8059804541990151 4.5030690863331975 1.9130788898910385 1.6861336241490779 0.73237551160855119 26.84412258282828 4.4771367406283371 4.210721916118926 2.0146446311264299 2.3340641752583906 1.2759483451372942 3.7707325762166937 1.6498164241784232 2.1502035483426907 0.6800380481290621 0.38786444417200971 3.6594277110998519 3.6373996481488575 1.7837784623261543 0.65792108839377828 0.73440633996779103 0.93895571160828684 5.8432922145566408 2.1177850025851517 6.3959067039249931 0.55012496573908709 0.42128699219756782 1.1483745334990088 1.6069451862131243 3.8824131537185167 0.78222357272170473 0.33092546893749419 0.43336675438331518 1.6017197257024238 0.59238681765418721 1.8523611921409608 0.3965434159617871 1.7772222812054681 0.92607348686578816 4.8518650685218745 1.3658990729818468 3.024862908081559 14.594914915242041 0.68892092444002706 7.9388528431009036 16.15129963963409 1.102026233114884 1.5200544819235799 0.78779384010704223 2.1192815857939422 1.3585480371257288 0.79052508481254313 0.38441046141088009 1.5650600450753689
leaf_count=710 3851 649 40 1862 22 4 1454 77 340 111 1230 684 1231 155 5847 2559 1305 1139 266 183 1473 370 3206 208 129 902 314 282 83 592 562 3157 159 744 158 190 808 291 2560 31 46 27 319 860 260 156 118 46 1327 389 3655 3440 373 3545 2421 1328 1428 397 381 42 136 17 1231
internal_value=-0.000169277 0.0155802 0.0245769 0.0311617 -0.0332714 -0.0253569 0.0136058 -0.0393034 0.0372727 -0.0441583 0.000925258 0.0432094 0.0474425 0.0490341 0.0525026 0.0539817 -0.0650915 -0.0375273 -0.014359 -0.000393825 0.0422546 0.0221907 -0.0015435 0.0585396 -0.042948 0.0150192 -0.0100108 -0.0335445 0.0198585 -0.0387393 -0.0647315 -0.0391078 -0.014374 0.0587853 0.0358452 0.0626291 0.0311236 0.0095234 -0.0764019 -0.0318709 -0.010102 0.0501448 0.0566748 0.0282411 0.0181833 -0.0668396 0.0607675 -0.0193445 -0.0290498 0.0382163 -0.006578 -0.0848041 -0.0775939 0.0364258 0.0777311 0.00332866 0.0375209 0.0134738 0.0417486 0.0288446 0.0145334 -0.0338759 0.0728246
internal_weight=196.587 133.208 115.773 104.675 63.3787 55.4598 14.6188 40.8411 96.7006 17.4356 15.9538 85.9137 80.0305 79.1758 74.7892 74.0568 24.8873 11.0984 8.00814 7.55139 45.6476 20.451 12.4053 25.1966 7.97388 5.67407 10.7869 9.57074 6.27544 7.53498 5.44202 6.59941 5.88323 8.04572 4.18752 24.5166 7.94397 4.17295 4.22101 2.566 4.38667 10.3978 9.96439 2.70053 3.97015 5.39779 2.10815 10.2551 9.329 1.75376 4.17324 15.3166 9.88417 8.4188 16.5726 2.70375 5.46946 3.94941 3.16161 2.09295 1.18707 1.04233 28.4092
internal_count=61880 43767 36943 33987 18113 17403 5692 11711 31607 6824 6048 27638 26535 26495 24240 24085 5663 2956 2307 2600 17007 8252 7138 8755 2380 2041 3969 2201 2417 2426 1792 3497 1103 1114 472 8547 5936 604 2564 313 2255 3128 3101 1024 419 1597 164 3932 3886 518 4463 3462 4224 3622 2611 1647 2306 878 481 634 292 100 7078
is_linear=0
shrinkage=0.05


Tree=1
num_leaves=64
num_cat=0
split_feature=55 3 42 0 5 26 83 3 17 5 36 10 45 81 43 53 73 75 26 8 16 71 53 31 69 28 5 12 45 36 41 73 84 75 43 51 49 51 84 0 40 32 17 13 59 35 76 50 18 18 12 42 17 83 35 3 29 76 67 73 71 6 50
split_gain=57.3711 35.9162 34.953 44.5233 28.0925 24.3496 25.2163 25.3131 26.8348 23.1458 16.9739 15.0595 17.2362 14.15 14.057 13.7294 13.0326 14.0237 12.729 12.5797 12.5032 19.8359 12.0611 11.7457 11.4324 11.2323 10.7145 10.5467 10.3967 16.7882 10.2533 10.1026 9.63074 17.3183 11.1044 9.57566 8.92417 8.90793 9.83246 9.25412 10.1489 8.61976 12.2529 8.16535 8.70202 8.75272 7.87948 11.4651 7.82633 7.8258 7.63457 7.35646 6.82915 6.80106 6.79044 6.76249 6.75914 6.65688 6.48879 7.17256 6.34121 6.27447 6.18002
threshold=51.742544174194343 0.98596474528312694 4869.0104980468759 80.026481628417983 0.022242836654186252 269.92393493652349 33.173213958740241 0.69779554009437572 240.42845153808597 0.071464538574218764 -0.19365439563989637 238.30926513671878 311805.17187500006 0.19744836539030078 101059.09375000001 5301.9890136718759 -0.18333332985639569 99508.500000000015 254.80767822265628 245.16925048828128 197.37376403808597 1.0000001788139345 627.92715454101574 0.0012953770346939566 0.13615003228187564 0.035674516111612327 0.15380421280860904 153.53415679931643 26627.333007812504 -0.76874688267707814 56081.654296875007 -1.5497898459434507 132.98563385009768 153.50000000000003 190414.57812500003 0.072075039148330702 0.78951168060302745 4.8951513767242441 395.62176513671881 91.126365661621108 219.6487731933594 11.334264278411867 171.18774414062503 0.072413399815559401 40.116121292114265 0.16100000590085986 271939.50000000006 0.16548112779855731 8.8091979026794451 57.908859252929695 111.90295410156251 1029.6120605468752 191.63173675537112 118.59209442138673 0.45299999415874487 0.38474190235137945 0.33364780247211462 170.00000000000003 0.00021629554976243528 -15.842655658721922 1.8399376869201662 1.2800000309944155 13.949682235717775
decision_type=10 2 2 8 2 8 8 2 10 2 2 10 2 2 2 10 10 2 8 8 10 2 10 10 2 10 2 8 2 2 2 8 2 2 2 10 10 10 2 8 2 2 8 10 10 2 10 10 10 10 10 2 10 8 2 2 8 10 2 10 2 2 8
left_child=1 2 3 14 22 6 19 20 -9 10 -2 12 23 28 18 -12 25 52 35 48 26 30 -5 -6 32 -7 43 -17 50 -30 -22 -29 33 60 36 -1 -34 39 -39 40 -24 42 -31 -8 45 -45 47 -14 -4 -37 -11 -38 -18 -35 -44 -55 58 -21 -23 -60 -25 -61 -53
right_child=9 -3 5 4 11 16 7 8 -10 13 15 -13 46 -15 -16 27 17 -19 -20 57 21 56 37 24 -26 -27 -28 31 29 41 -32 -33 34 53 -36 49 51 38 -40 -41 -42 -43 54 44 -46 -47 -48 -49 -50 -51 -52 62 -54 55 -56 -57 -58 -59 59 61 -62 -63 -64
leaf_value=-0.099829748957915632 -0.039308886335130119 -0.08750413144642738 0.025838561270444978 0.05341058536128826 -0.048917601202183941 -0.08765102358034392 -0.099661958011216578 0.081316492156264519 -0.046395059660877341 -0.058935523933711098 -0.066005422871483269 -0.073103115706332711 0.05913132615559874 -0.089404790707141565 -0.061766833878785281 0.083367413218374153 0.061753768669897673 0.066567195112460148 -0.039597687325091106 0.070173228588253547 -0.066911997151184455 0.062507456189923025 -0.099409807956471488 0.063379332174244629 -0.078022803823044801 0.048594931236432062 -0.077316394551077361 0.047215100661350116 -0.098388730166475161 -0.098922743260465962 0.044023655902362901 -0.069916244054523194 -0.074140220072247687 -0.067379343480048134 -0.09594196386432903 -0.098224948581249333 -0.056754943877668156 -0.049523916403611687 0.053216962464859907 -0.079476438944050626 0.066743524406604027 0.086949426143297162 -0.079956355274455743 -0.098154404178490945 0.02229004782015255 0.068341442074997691 0.039364521655420967 -0.092341769223410863 -0.076638599948138916 0.070180867569366159 0.081336976511949252 0.06129011366244505 -0.098097709303926806 0.06706152719674556 0.053835731219758765 -0.080243028496225721 -0.089765282939019822 -0.031316973806028874 -0.073606079267777291 -0.083583363200864652 -0.060283429540319969 0.042974870631686028 -0.092984756637048471
leaf_weight=0.91363669808198267 13.486423150628978 13.20512177727869 2.2242499958883846 2.3648397947399635 8.5848865407388057 11.185228840335183 0.85650207092839892 5.2385467180065488 19.146779182192404 0.99871301754319475 3.0320914870244478 9.1734400094646826 1.4308971634018206 1.6317825822625298 3.3935925199839394 9.9887307491262636 0.86477160117647178 4.8371052955408231 3.77443729510924 3.5788730354106546 8.6846393258310837 16.233862645105553 1.5119906233958329 7.7572183851734753 3.1809407414257285 1.7493186091742252 1.5977576354271139 5.3194120885054872 2.1632967432960895 1.7983543597401883 2.7400111403912879 2.8151001288424577 1.5007005284278481 8.9467893124528892 1.4778989283186081 0.71118091544485906 1.4950008111045487 9.8538692137080925 3.0493482445599502 40.553978940759407 2.3435727712931111 8.496386978105873 1.0443580301944173 0.80214683106169005 14.991950728235677 49.527335504859366 1.8066586447457673 9.8405125988792843 11.47572516430955 23.000162899592397 33.760134671330889 25.20915726454405 2.9386151745711686 2.2251241999765639 10.318151632112857 1.198957623564638 1.0162699774991768 2.9454473410078208 1.9378159388288612 1.0851999420810887 1.1965598050737751 10.040176533515476 0.66629901737905939
leaf_count=218 1452 3214 499 173 2057 2275 302 85 2478 12 440 2097 478 140 838 280 73 455 1076 233 828 751 380 138 195 338 521 486 140 117 240 1091 458 744 338 167 76 1188 235 14909 182 122 70 110 2451 4342 201 2014 2305 1569 487 2291 463 95 566 81 185 1371 90 123 47 470 30
internal_value=0.0024345 -0.00654498 -0.00351523 -0.0191867 -0.0309089 0.0122868 0.019251 0.0271111 -0.0189596 0.0370889 0.00452631 -0.012566 -0.00530843 0.0558234 0.0344112 0.032471 -0.037463 0.0100832 0.0459041 -0.032788 0.0373696 0.0158409 -0.0572475 0.0054662 0.0139774 -0.0692246 0.0506275 0.0489465 0.0598689 0.0344239 -0.0403059 0.00667961 0.0196408 -0.00611039 0.0377347 0.0590095 0.0445776 -0.0618134 -0.0252437 -0.0724388 0.00158514 0.0476903 0.0223453 0.0537165 0.0557276 0.0656878 -0.0575743 -0.0731124 -0.060001 0.0651298 0.0773066 0.0510868 -0.0617525 -0.0444444 0.0415386 0.0154822 0.0370018 0.0243548 0.0413991 0.0151675 0.0468534 0.03063 0.0573175
internal_weight=460.918 366.065 352.86 177.162 145.369 175.698 154.123 133.899 24.3853 94.8529 34.6418 85.691 76.5176 60.2112 31.793 21.1553 21.575 8.64049 28.3994 20.2243 109.514 41.738 59.6776 63.4395 54.8546 12.9345 67.7757 18.1232 58.5794 23.8205 11.4247 8.13451 51.6737 21.3246 30.3491 24.625 28.8712 57.3128 12.9032 44.4095 3.85556 21.6573 13.1609 66.1779 65.3214 50.3295 13.0781 11.2714 13.7 23.7113 34.7588 27.3705 3.80339 12.3709 11.3625 3.42408 30.3133 6.52432 29.2971 13.0632 8.95378 11.1254 25.8755
internal_count=61880 56477 53263 32275 28407 20988 17384 12976 2563 5403 3749 11340 9243 1654 3868 2297 3604 991 3030 4408 10413 2687 17067 6550 4493 2613 7726 1857 1514 1015 1068 1577 4298 1105 3193 1954 2855 16894 1423 15471 562 875 753 7205 6903 4452 2693 2492 2804 1736 499 2397 536 920 636 176 1619 1604 1434 683 185 593 2321
is_linear=0
shrinkage=0.05


Tree=2
num_leaves=64
num_cat=0
split_feature=31 68 30 22 83 65 71 81 84 14 49 44 50 35 84 68 5 44 52 42 3 24 16 41 3 52 30 37 76 59 72 76 59 13 37 4 71 29 31 57 76 50 34 13 30 19 74 76 21 6 33 46 41 36 54 76 72 65 22 22 13 81 29
split_gain=59.5252 34.8017 32.2563 18.517 16.7222 16.1684 15.1503 14.7724 14.6238 14.3585 14.6933 13.9468 15.1429 14.4214 13.3879 17.5672 12.6995 11.3438 11.2036 11.2664 10.9456 10.8757 16.309 13.3893 10.8747 10.6125 12.0372 11.0935 10.0046 9.92284 9.73287 8.44208 8.30092 7.72793 7.41993 7.34072 7.33746 13.086 10.3414 10.958 7.95952 7.91984 7.27402 6.97869 6.77905 6.73263 8.39949 9.40844 6.40418 6.35298 6.19475 6.13492 7.67229 7.10048 6.14679 6.13256 6.10507 8.69897 6.04916 5.99005 5.93478 5.97389 5.81488
threshold=0.0012953770346939566 0.087810363620519652 0.072553582489490523 323.66687011718756 25.272146224975589 0.35568237304687506 1.0324616432189944 0.19755979627370837 852.64724731445324 20.427813529968265 0.31709572672843939 114443.19921875001 18.045919418334964 0.8349999487400056 571.54254150390636 1.0000000180025095e-35 0.088120657950639739 15823.125488281252 4542.1691894531259 939.12329101562511 0.98397862911224376 220.93631744384768 179.25581359863284 3128.514770507813 0.89316144585609447 6194.1357421875009 0.72662290930747997 -1.0796307325363157 189633.50000000003 0.033570419996976859 -116.89716720581053 25703.000000000004 18.269605636596683 76.587615966796889 -0.19009890407323835 0.32851929962635046 0.68184319138526928 0.47069558501243597 3.48166835308075 1.9099384546279909 17.500000000000004 8.8272552490234393 -1.0000000180025095e-35 2.0002177953720097 8.4890928268432635 117.21672439575197 0.012711718678474428 243.50000000000003 3317.4621582031255 1.2306132316589358 8147.9333496093759 265.29722595214849 33435.873046875007 -0.30105839669704432 11.674503326416017 10447.000000000002 -82.99236679077147 0.39303170144557958 333.95812988281256 307.53749084472662 103.66699218750001 0.1926996931433678 0.50027263164520275
decision_type=10 2 8 8 8 2 2 2 2 10 10 2 10 2 2 2 2 2 10 2 2 8 10 2 2 10 10 2 8 10 10 8 10 10 2 2 2 10 10 8 8 10 2 10 10 10 8 10 8 2 8 10 2 2 10 10 10 2 10 10 10 2 10
left_child=2 4 20 11 8 9 14 18 45 -3 30 12 50 21 15 -6 51 62 -8 -20 34 22 23 -13 32 27 33 -21 -5 -19 -11 35 -24 -27 -1 -25 55 38 39 40 -38 -41 48 -29 -39 -2 -47 -48 -28 -34 -4 54 53 -53 -17 -31 58 -58 -45 -10 61 -51 -12
right_child=1 5 3 28 6 -7 7 -9 59 10 17 13 -14 -15 -16 16 -18 29 19 25 -22 -23 24 31 -26 26 42 43 -30 36 -32 -33 49 -35 -36 -37 37 44 -40 41 -42 -43 -44 56 -46 46 47 -49 -50 60 -52 52 -54 -55 -56 -57 57 -59 -60 -61 -62 -63 -64
leaf_value=0.046275637741946041 -0.08352264998821167 -0.068118147260058798 -0.063763534925206256 -0.068222505729013935 -0.074167602135992217 -0.077655305499280486 -0.077508501338355046 0.073520334336174109 0.085633880888708158 0.06078589642965318 -0.09971945182894551 -0.084520133876529999 0.048347322503485821 -0.098139992141775975 0.079334610906796929 -0.0089221157913891361 -0.094394499143414148 -0.070823490180496163 -0.046867823395283476 -0.093261041456993488 -0.070811566265614231 -0.082338956573598562 0.045648042500106359 0.067099336252069972 -0.084256924663635588 0.078642725181737178 -0.038837403358264549 -0.091251494623894008 -0.013565656902896668 0.084062987791326108 -0.072233542391036853 -0.05746276837712249 -0.067831919190502563 -0.061874888795259243 -0.042719696764116043 -0.088186685106156307 -0.047350477522027069 0.077839708217319753 0.068153043723846757 -0.093559511369686113 0.05074007216552439 0.042275363596096821 -0.068838367286807936 -0.080938606405445854 -0.072740441336291761 -0.076983781168305981 0.056353487119922809 -0.03886543552076676 0.02573946662049241 -0.079158050866644722 0.02652413652272009 -0.070792491443445835 0.049494265418315295 0.020343603232162614 0.071522785696817318 -0.068830591874755959 0.053381979462644724 -0.090737804522400808 0.062574539019472589 -0.098784115713874646 0.052182491168074364 0.033029350178251586 0.066046069941411434
leaf_weight=23.556482240244812 8.01029892024963 2.8885332298232234 25.087101929893834 36.61077189144271 4.5853457719567805 2.900919748513842 5.4835258977473122 5.8900113673807928 3.2175740799721093 2.0298598628578475 1.8878612984335625 1.9570912704875834 3.9077250051195724 3.6309475535526863 11.392941988859091 2.8523511991807053 1.9519960535471899 1.6159418713359617 12.37822795503598 1.8284063392784471 2.5646863284418933 3.3387530385662094 6.4573927285237067 19.222103410895222 4.8776323022466377 4.5945556363876703 8.9680133962392574 1.074968967615862 10.854790617362594 21.503047341946516 4.2635279281821559 1.6275627931390761 5.0233809077471951 1.2432110435620414 2.600671127147506 0.79242575791431491 2.2637159430887648 0.96747856325236981 41.151258639045409 2.8161619212332836 23.933133667254879 1.7337043671868739 8.4054232267662865 1.958783678033803 3.286290206189733 5.6940351404118656 4.2253206007590105 6.7204258723359089 6.7132872871952722 2.8609782294370216 2.055452303895442 3.6087155921559271 8.6009541741368576 5.2412746154368568 14.17734837062744 0.67648104032559686 23.506363150831021 1.0958450461039309 1.1745506642473627 0.51012443758372672 3.5685610691143665 2.0275582045142073 0.73502480042225204
leaf_count=2398 2390 600 8613 12216 1302 378 635 129 180 103 294 190 175 444 119 381 383 474 1186 221 857 1894 384 524 892 188 3145 133 3948 115 498 407 634 90 571 225 76 70 539 370 1289 37 783 284 281 2356 226 2717 574 131 473 383 875 742 333 306 1005 138 99 257 122 58 40
internal_value=0.00373738 0.0177211 -0.0203186 -0.0306321 0.00302527 0.0388836 0.0102747 -0.00284774 -0.0319028 0.0419087 0.0448281 -0.0168533 -0.0436774 -0.00181488 0.0313851 0.0180669 0.0296753 0.0493782 -0.00858326 -0.00340167 0.0277622 0.00494315 0.0109623 0.0407205 -0.0173374 0.00548214 -0.0156965 0.0261669 -0.0557232 0.0520719 -0.0293297 0.052046 -0.000966119 0.0487181 0.0374273 0.0609512 0.0540915 0.0467204 0.0517619 0.0298242 0.0422639 -0.0418003 -0.0313083 0.0337462 -0.0384924 -0.0458607 -0.0277305 -0.00210865 -0.0111915 -0.0232951 -0.0569262 0.0366991 0.0158647 -0.0168185 0.0580488 0.0793997 0.0385908 0.0469625 -0.0271418 0.0603968 0.00315899 -0.0326275 -0.0532661
internal_weight=442.379 279.757 162.622 133.9 165.104 114.653 136.726 84.3152 28.3778 111.752 108.863 86.4347 31.0503 55.3844 52.4109 41.018 36.4326 102.57 78.4252 72.9416 28.7218 51.7534 48.4147 23.5992 24.8155 60.5634 29.9245 30.6389 47.4656 99.9472 6.29339 21.6421 19.9379 5.83777 26.1572 20.0145 98.3313 76.1517 71.898 30.7467 26.1968 4.54987 24.0867 28.8105 4.25377 24.6501 16.6398 10.9457 15.6813 13.4805 27.1426 34.4806 17.4509 8.84999 17.0297 22.1795 27.7355 24.6022 3.13333 3.7277 8.4571 4.88854 2.62289
internal_count=61880 26724 35156 31330 21254 5470 13128 8610 8126 5092 4492 15166 9261 5905 4518 4399 3097 3891 8481 7846 3826 5461 3567 1346 2221 6660 4780 1880 16164 3557 601 1156 1329 278 2969 749 3083 2662 2311 1772 1365 407 4502 1659 351 7689 5299 2943 3719 945 9086 2714 2000 1125 714 421 1526 1143 383 437 311 189 334
is_linear=0
shrinkage=0.05


Tree=3
num_leaves=64
num_cat=0
split_feature=30 66 18 44 3 71 55 3 83 31 70 42 65 84 40 18 17 8 83 37 78 20 42 72 44 62 61 65 70 84 36 41 61 31 78 59 52 64 75 77 60 24 36 70 44 78 18 53 45 29 19 20 75 74 20 55 36 80 8 72 69 17 30
split_gain=60.3851 27.3599 30.5023 26.634 20.7101 18.6288 17.9423 16.3687 24.5991 19.9801 15.3356 15.0429 13.7031 14.3803 12.6675 12.4491 11.5872 10.4212 10.2808 10.2534 10.1771 10.014 9.79006 9.04821 11.1754 8.53551 8.39659 9.96998 9.21716 8.26802 8.17277 8.16244 8.06345 9.19593 7.9285 7.68086 7.60162 7.40802 7.26209 7.22167 7.20479 7.03428 6.85382 6.58763 6.45117 6.71159 6.26016 6.23868 5.85931 5.78624 5.62295 5.50538 5.4739 5.24705 5.12211 5.043 4.86347 4.79124 4.76733 7.52158 4.75615 4.80154 4.66951
threshold=17.848245620727543 0.4063305407762528 938.86538696289074 152440.19531250003 0.98596474528312694 0.52036845684051525 114.8747901916504 0.69008389115333568 80.941184997558608 0.023082937113940719 0.79241478443145763 939.12329101562511 0.018793967552483085 187.95034790039065 709.03744506835949 120.35178756713869 404.94128417968756 149.53163909912112 42.906656265258796 -1.1284736990928648 143724.50000000003 47.08514595031739 2000.1625976562502 9.7683334350585955 68572.015625000015 0.00053355470299720775 0.58197566866874706 0.76338553428649913 2.2750602960586552 530.80197143554699 -1.0586425662040708 33435.873046875007 0.54674535989761364 3.7962181568145756 4593.0000000000009 57.622514724731452 6397.9992675781259 0.00014694502169732007 61.000000000000007 871.00000000000011 0.23099514096975329 127.69190597534181 -0.035745503380894654 0.11957310512661935 36520.710937500007 173867.50000000003 305.67080688476568 6977.5063476562509 8825.8237304687518 0.10939874500036241 136.92826843261722 54.000017166137702 95864.000000000015 0.046745751053094871 47.986135482788093 0.14540049433708194 1.664407551288605 0.031017196364700798 247.624382019043 20.358572006225589 9.4162787718232735e-05 389.38088989257818 218.74929046630862
decision_type=10 2 8 2 2 2 10 2 8 10 2 2 2 2 2 10 10 10 10 2 2 10 2 10 2 2 10 2 2 2 2 2 10 10 2 10 8 2 2 8 10 10 2 2 2 2 10 10 2 10 10 8 2 8 10 10 2 2 10 10 2 8 10
left_child=1 2 3 7 10 18 11 8 9 -1 31 20 13 -11 17 37 19 -8 44 -13 -7 -17 -10 24 38 26 27 28 34 32 -19 -5 -24 -34 -12 55 49 43 -21 -26 51 -22 53 -15 -2 -46 -23 48 -32 -18 57 -25 -42 -27 -50 -28 -31 -36 -56 -60 -33 -62 -43
right_child=5 -3 -4 4 -6 6 14 -9 22 12 25 16 -14 15 -16 21 36 30 -20 23 41 46 29 40 39 42 35 -29 -30 56 47 60 33 -35 50 -37 -38 -39 -40 -41 52 62 -44 -45 45 -47 -48 -49 54 -51 -52 -53 -54 -55 58 -57 -58 -59 59 -61 61 -63 -64
leaf_value=-0.073348342217661441 -0.079220231586286521 -0.060835113865024805 -0.067971704367513236 -0.063587408394744513 -0.079484656973757103 -0.079714140700891847 -0.051089677911718194 -0.066586469378420707 -0.070328669918722705 -0.06472199048165439 -0.096917960144383697 -0.087344365621061057 -0.067957906891992714 0.075861796362026432 -0.087894891548748078 -0.087701709000661154 0.051055370634348618 -0.096158265104042573 -0.089935569875766397 0.035693306699940128 0.022012924059731202 0.052600565351487695 0.034610354040857529 -0.093150135502404474 -0.064044579074659005 0.064353400670576336 0.049905194495826595 -0.065912139993983765 -0.063769440689176324 -0.071720513140636738 -0.085589662186227544 -0.064232324834223226 -0.03157205544163829 0.078185102136202611 0.051455945660474824 0.047367745258589576 -0.064269467270529193 0.044680238055585943 -0.063670063377774561 0.054768389353824498 0.066363391203479657 -0.084375530015187647 -0.08918404126589044 -0.059689791572220902 -0.091154746513635157 0.07681618153862875 -0.083090030778050883 -0.033638331291835896 -0.091812589495929353 -0.033962942301762826 -0.089837704872985216 0.024822192370087381 -0.090068887684613019 -0.086570413394427781 0.070259656249035185 -0.078754625858585822 0.091660533871176217 -0.065796465979971561 0.057512112940925411 -0.098136499713891975 -0.06330933244373621 0.037830360351641584 0.083625012232190377
leaf_weight=18.755057383023086 0.71193248921190999 23.993112593241676 17.950862546269491 6.2844838061791988 5.0458472674145005 7.2030243829358396 2.4798200805962543 13.53558730726945 3.2459519045733023 7.1911331949886508 0.99780392739921708 1.8630941295996297 9.2206610629509651 0.99598810798488457 1.756748531712218 1.4989122708648235 4.0883185652710363 0.8873684499412765 1.0489298175525608 2.5663567450828868 8.0147645429096865 18.622226553256045 41.648979716577742 1.1410359461733577 1.4721514165867091 25.641279280716844 0.91070738907728621 2.5190329122706308 2.1670111634884952 3.4869368959916747 0.67253733254619774 1.902071623771916 10.222747804138633 2.3464412467728826 36.071032170781109 2.5311369044793537 6.2108837895066236 2.9007481354783513 6.4868815712543437 9.7446862326760311 23.201011114600991 3.1230501457830537 0.78271745058009301 8.9563082127351645 0.60783970379270869 27.509154402228887 0.89066868084046191 1.8199675979703887 0.52673459344077755 3.9203951039162348 0.74807932587282167 7.4187491856937422 0.57303429250896343 0.58912168638199247 38.659296278681722 4.6527107070578495 0.52393513917922963 0.89281843493517854 2.5875732801068803 1.1087573789991436 1.3810292597045162 7.8084605046387887 0.47674832833581593
leaf_count=10320 397 7264 4021 1382 960 543 215 3798 775 1486 19 250 3080 11 166 432 205 31 199 55 471 1133 2963 226 86 491 175 257 644 402 70 295 3315 43 1515 146 1294 360 1426 552 524 638 217 3236 90 429 541 262 85 462 218 567 360 34 735 778 3 158 98 65 520 356 31
internal_value=0.00421315 -0.00972339 -0.00505909 -0.000448951 0.0192471 0.0280309 0.0202811 -0.0142493 -0.00882107 -0.0293062 0.024443 0.0065852 -0.0128768 -0.000506242 0.0440134 0.0131298 0.0174361 0.0487676 0.0638267 0.0279291 -0.0330221 0.0368401 0.0141821 0.0320118 0.00582134 0.0338508 0.0219092 0.0306295 0.0365789 0.0188931 0.0541203 -0.0180607 0.0240176 -0.0110824 0.0421965 -0.0248413 -0.0227565 -0.025631 -0.0355031 0.0391748 0.0484306 -0.00406494 0.0566131 -0.0461243 0.0694213 0.0731849 0.046407 0.0570592 0.060849 0.00943753 0.0458772 0.00909625 0.0625928 0.0609637 0.0631457 -0.0576936 -0.0503783 0.0486239 0.0650727 0.0108235 0.00773474 0.0226307 -0.062126
internal_weight=454.792 286.912 262.918 244.968 100.925 167.881 138.003 144.042 130.507 69.0317 95.8795 87.5042 50.2766 41.056 50.4988 33.8649 68.6866 48.7421 29.8779 54.467 18.8176 21.0118 61.475 52.6039 20.2701 78.5035 51.4903 43.3958 40.8767 58.229 46.2622 17.376 54.2182 12.5692 38.7097 8.09456 14.2196 12.853 9.05324 11.2168 32.3338 11.6146 27.0131 9.9523 28.8289 28.117 19.5129 45.3749 43.5549 8.00871 37.7119 8.55979 23.774 26.2304 42.8824 5.56342 4.01087 36.9639 42.3556 3.69633 11.0916 9.18949 3.5998
internal_count=61880 51348 44084 40063 8165 10532 9417 31898 28100 20599 7205 7690 10279 7199 1727 5713 6007 1561 1115 4046 1683 2106 7501 3796 2119 4652 3910 2811 2554 6726 1346 2553 6321 3358 1910 1099 1961 3607 1481 638 1677 1140 742 3247 916 519 1674 1315 1053 667 1891 793 884 525 983 953 405 1673 898 163 1171 876 669
is_linear=0
shrinkage=0.05


Tree=4
num_leaves=64
num_cat=0
split_feature=31 68 83 3 83 17 84 5 69 6 6 72 32 65 3 44 48 37 4 73 13 79 18 13 15 78 63 84 68 16 27 83 30 42 62 79 3 40 73 81 23 74 61 64 72 65 25 20 6 43 78 19 62 78 69 38 72 36 61 41 83 81 27
split_gain=68.0047 38.3407 33.9468 28.0563 18.3041 17.3752 16.8371 20.4293 15.8269 15.0952 13.5622 16.4428 13.2547 12.5294 12.3539 10.6395 14.0201 10.5609 9.76563 9.45483 9.95792 8.91795 8.65973 8.55808 8.29138 8.10538 8.04346 17.3693 12.5671 9.62977 7.9234 7.77373 7.64465 7.54571 7.25746 7.16364 7.15304 6.68445 6.3748 6.32756 11.4683 5.7659 5.55697 5.2968 5.61902 5.2134 5.07184 5.05473 5.01898 4.94889 4.90881 4.83116 4.70028 4.59349 4.59324 4.53862 4.47543 4.41457 4.37603 4.26539 6.06657 4.19832 4.17997
threshold=0.0027679194463416938 0.090925078839063658 104.89464950561525 0.48019607365131384 11.457602024078371 183.43218994140628 237.22847747802737 0.008202327415347101 0.039896065369248397 0.67276117205619823 0.49174337089061743 129.32360839843753 8.8575053215026873 0.3461116254329682 0.98596474528312694 278724.07812500006 68.189807891845717 -0.87920120358467091 0.31851120293140417 -0.72320514917373646 76.587615966796889 16.651146888732914 97.275787353515639 86.000789642333999 1025.630798339844 528755.50000000012 1.6403198969783265e-05 221.92686462402347 0.14295034855604175 8.1716070175170916 52.376737594604499 35.86156082153321 218.74929046630862 3031.221557617188 0.6521916687488557 16.66373443603516 0.89316144585609447 5.5326495170593271 -2.9701851606369014 0.18653830140829089 192.94512176513675 -0.010836321394890545 50.074832916259773 0.0013096536276862027 -228.16249847412107 0.47563923895359045 261.63964843750006 46.393379211425788 2.0400000810623173 15856.575683593752 42945.000000000007 135.56909942626956 0.00093077495694160472 362573.00000000006 0.092044226825237288 35.505102157592781 162.20000457763675 -1.1021490693092344 0.3314333856105805 27046.229492187504 194.54029083251956 0.18581125885248187 24.733501434326175
decision_type=10 2 8 2 8 8 2 2 2 2 2 10 2 2 2 2 8 2 2 10 8 2 8 10 8 2 2 2 2 10 10 10 10 2 2 2 2 2 8 2 10 10 10 2 10 2 8 10 2 2 2 10 2 2 2 8 10 2 10 2 10 2 10
left_child=2 4 15 8 56 14 7 32 9 -4 21 17 24 26 -5 30 -17 -12 33 20 55 25 -13 -14 41 -8 27 28 38 -28 -1 -25 58 -11 51 -32 37 46 -3 40 61 49 48 -42 -45 -41 -7 -31 53 -9 -18 62 -53 54 -43 -19 -2 -49 -6 -10 -61 -35 -21
right_child=1 13 3 5 6 36 10 12 59 18 11 22 23 -15 -16 16 50 19 -20 34 -22 -23 -24 31 -26 -27 29 -29 -30 47 35 -33 -34 39 -36 -37 -38 -39 -40 45 43 42 -44 44 -46 -47 -48 57 -50 -51 -52 52 -54 -55 -56 -57 -58 -59 -60 60 -62 -63 -64
leaf_value=-0.071473194066277487 -0.078055753050225357 -0.089334861187445533 -0.065033934015417724 0.071787701747740781 -0.031652501057604275 0.0016452918451032141 0.069591845413386699 0.045839141193392004 -0.074159058257199026 -0.080053175125396114 -0.082803439576294602 -0.082322361172890976 -0.054531937688373368 -0.06462305843347288 -0.07563421356118305 0.080436588285030461 0.052039626378837939 0.044145810179300457 -0.053188522961360764 -0.079585033702488484 -0.069532896642704942 -0.087256072349090635 0.065576908882854973 0.060713304080494815 -0.070193817652950671 -0.08152235547488583 -0.079606215530129948 -0.085615704745617513 -0.045795921369988897 -0.082879529070992539 -0.081991608087700035 -0.09211014587718129 0.029886069393049414 -0.067012657099882023 0.082761732073581215 0.063377579047939739 -0.075952069264696387 -0.081737273106837149 0.057172569147990737 0.052070637553338996 -0.070487171170202145 0.044501703857197372 -0.091135438634338053 -0.091496708153570611 0.063224048008245576 -0.057716841068218429 -0.071701117628315714 -0.039929539572277156 -0.08983396370568783 -0.054628303441936824 -0.05769609343962151 -0.058350932335907761 0.033771029423741231 -0.065043878901052204 -0.095977138383117236 -0.089721714250989695 0.015748576844389198 0.057671802729892079 -0.075559959312430203 -0.067373190391446083 0.043289553496346132 0.058660914171709322 0.018920088414776347
leaf_weight=38.899395519925747 7.9309288816584722 0.77119282446801662 4.5283473685267372 5.3714949194691135 11.206660694821045 11.241555745422374 21.839676946867264 1.8466626809968136 5.4538276447856315 1.3943394730449643 3.9862080407328895 1.0631298975495127 11.103980244515695 2.6800914481573264 1.9322872756602008 3.0753353157779175 1.1728244158439336 16.686052033852324 3.3470496996887951 6.5575417984218802 2.403341062454273 1.0258279008558009 14.333325622137636 3.6447165361605576 2.3012427364592432 0.92494731862097879 1.3500485284894228 3.3225470909383139 3.9308752412034655 0.65862141866818902 1.3924894497031339 1.0783181124133987 3.0945441336370996 4.5404412157949983 1.3724969986942603 2.165291752840858 16.526900530749117 4.8441636870265929 19.945596261386537 36.751203079911647 0.95700138545362179 35.892636081436649 0.86942833615466852 0.62856551120057602 8.8352555001620185 1.114102264313259 2.98218729600194 1.176114089321344 0.76796963880769809 3.6453881606576033 7.7755636253859848 2.3097880099667236 3.4569886296521872 1.0260919854044903 0.59147417265921731 0.65813323322799888 1.5143219583260359 77.598758876032662 11.495849175116744 2.3924213615537155 2.5675821368931793 0.77849102343316179 1.2885750351997556
leaf_count=17081 3205 108 774 43 1437 1114 487 95 1211 411 535 437 1757 390 115 20 27 1352 1775 1963 400 326 520 82 380 660 266 1319 399 136 666 78 350 842 2 232 3710 994 600 2232 342 757 74 29 301 125 843 57 145 356 1365 540 314 596 38 172 322 1851 3783 780 194 36 329
internal_value=0.00438188 0.0192299 -0.0206174 -0.0053475 0.00469373 -0.0374621 0.00853548 -0.00637837 0.0134504 0.0229066 0.0254898 0.0116576 0.00901673 0.0421776 0.0327858 -0.0531824 -0.0116617 -0.00572215 0.0297318 0.00312427 0.0258493 0.0569535 0.0553644 -0.030553 0.0223584 0.0634519 0.0448095 0.0217005 0.0361669 0.0528108 -0.0649409 0.0258221 -0.0438368 0.034778 -0.0268224 0.00648115 -0.0518764 -0.0310091 0.0517188 0.0377649 0.0111204 0.0271296 0.0338603 0.0416121 0.0529478 0.0488404 -0.0137327 0.0550613 0.0366994 -0.0208468 -0.0433135 -0.037871 -0.00312691 0.03929 0.0422243 0.0390661 -0.0630165 0.0562146 -0.0538859 -0.0436426 -0.0100878 -0.0486188 -0.0634074
internal_weight=458.018 287.35 170.668 116.187 175.916 42.8986 166.471 88.565 73.2886 62.8748 77.906 54.1156 62.7679 111.434 7.30378 54.4809 12.0237 38.7191 58.3464 34.7329 19.7475 23.7905 15.3965 15.827 46.9409 22.7646 108.754 27.9702 24.6477 80.7835 42.4572 4.72303 25.7971 54.9994 14.9854 3.55778 35.5948 19.0679 20.7168 53.6051 15.7398 44.6397 39.1476 10.4208 9.46382 37.8653 14.2237 79.4335 38.2782 5.49205 8.94839 13.6129 5.76678 37.5102 36.4841 17.3442 9.44525 78.7749 22.7025 10.4138 4.96 5.31893 7.84612
internal_count=61880 26618 35262 15871 21492 6819 17965 9928 9052 6867 8037 6564 4358 5126 158 19391 1412 5607 6093 5072 1924 1473 957 1917 2441 1147 4736 2426 1107 2310 17979 160 5570 4318 3148 898 6661 2951 708 3907 1550 2061 1610 672 330 2357 1957 2044 1536 451 1392 3146 854 1391 795 1524 3527 1908 5220 2185 974 878 2292
is_linear=0
shrinkage=0.05


Tree=5
num_leaves=64
num_cat=0
split_feature=30 30 9 83 3 5 13 44 26 36 44 62 57 14 2 62 3 30 83 41 35 53 77 51 21 49 47 76 50 29 44 48 67 36 67 6 23 26 79 40 72 37 64 73 44 72 83 61 21 42 73 73 48 18 21 77 57 8 36 83 53 8 83
split_gain=45.2072 34.3072 29.199 25.3639 23.9055 18.7339 16.5173 13.8755 18.482 15.8265 13.4386 12.9182 12.1636 11.8765 11.8415 12.7818 11.0455 9.49576 9.21154 9.08481 9.41216 8.25349 8.21269 8.20853 8.09892 7.90025 7.7043 10.815 7.93041 12.3036 10.8336 7.35342 7.30195 9.99025 7.14244 7.13215 7.09042 7.06153 7.02224 6.97288 6.75273 6.12102 6.10704 5.94744 5.90014 5.6693 5.21074 5.18846 5.07149 4.91629 4.88438 4.79483 4.91605 4.50054 4.49188 4.38848 4.24773 4.22218 4.19175 4.16548 4.10932 4.10286 4.10258
threshold=26.435027122497562 0.072553582489490523 270.11735534667974 20.938443183898929 0.45076194405555731 0.02634247858077288 1.7004097104072573 152440.19531250003 152.42732238769534 -0.41809932887554163 292555.76562500006 0.0036851218901574616 0.094813179224729552 20.744026184082035 0.04010050185024739 0.057188032194972045 0.98397862911224376 0.74623706936836254 277.74047851562506 46714.220703125007 0.6539999544620515 6013.3591308593759 345.00000000000006 1.2031520009040835 1920.1379394531252 0.20980643481016162 82.527389526367202 10.500000000000002 6.525484800338746 0.44467836618423467 142586.83593750003 68.189807891845717 0.12752172350883487 1.281467139720917 0.21902630478143695 1.4312076568603518 146.30427551269534 150.80995178222659 16.573704719543461 406.45750427246099 338.71492004394537 -0.66048225760459889 0.0044145879801362762 -0.9099999964237212 181170.06250000003 70.363792419433608 24.425159454345707 44.542629241943366 4643.7048339843759 2791.168090820313 -0.9099999964237212 -0.99965178966522206 354.79460144042974 12.888647079467775 292.33233642578131 1.0000000180025095e-35 0.52014344930648815 177.19386291503909 -0.83572992682456959 254.62974548339847 6977.5063476562509 257.48089599609381 14.995489597320558
decision_type=10 8 8 8 2 2 10 2 10 2 2 2 10 10 2 2 2 10 8 2 2 10 10 10 10 10 10 8 10 8 2 10 2 2 2 2 10 10 2 2 10 2 2 10 2 8 8 10 8 2 10 10 10 10 10 10 8 10 2 10 10 8 10
left_child=1 16 3 10 6 11 46 8 17 18 50 40 35 -7 -4 -16 34 -8 36 -6 -21 57 -14 -24 37 -15 45 -28 29 30 49 -12 48 -34 62 44 55 -19 -30 -31 43 56 53 51 -9 61 -5 -43 -26 -29 -3 52 -2 -37 -40 -10 -11 -13 -44 -22 -32 -27 -1
right_child=5 2 14 4 19 13 7 12 9 41 31 21 22 25 15 -17 -18 24 -20 20 59 -23 23 -25 32 26 27 28 38 39 60 -33 33 -35 -36 42 -38 -39 54 -41 -42 47 58 -45 -46 -47 -48 -49 -50 -51 -52 -53 -54 -55 -56 -57 -58 -59 -60 -61 -62 -63 -64
leaf_value=-0.085434977648326818 -0.075865835597765316 0.0074027151800743086 -0.063067207168797559 0.025094173307640705 -0.052834797186777832 -0.08242462828109226 -0.08454083953800022 0.032661293511754411 -0.067198115941592709 -0.084090626960491743 0.07229117627767094 -0.084016787100427814 0.068931500982994331 -0.062363376699784215 0.055458092651781303 -0.069308915528665624 -0.063575772494082847 -0.061052346545150182 0.050158563826861659 -0.050773609588061534 -0.080151275783642867 -0.045700025912475184 -0.08227667023964845 0.041933271279724495 0.046022396871356869 0.071603256170569382 -0.089165578635560239 -0.075096178276617853 -0.048617053131114973 0.063685463863778838 0.058784720459416379 -0.072574779924671928 -0.079890836149209554 0.062251463329390147 -0.057067787419760888 0.078005261297512812 -0.074712425757211126 0.077647814207975202 -0.03631285220121927 -0.05174002461180717 0.054156023897856766 -0.070162600217097748 -0.086572458312083114 -0.074245105574353709 -0.049636888537472154 -0.088384480348439889 -0.077498129083809097 0.030931419593170858 -0.077626191332554439 0.0038212213390323132 -0.069394204778767773 0.06628954687963956 0.0060489896065289298 -0.084238913821017503 0.058617183052372457 0.021159654537320226 0.036275086094377532 0.070958343000277341 0.052601618497589556 0.050582429585783739 -0.083346669448632602 -0.025542830239997746 0.047578416700256476
leaf_weight=0.58959957002662022 3.4127071595285088 2.2550820600590731 40.092557071358897 1.4942574050510273 27.176441429823171 2.0654631207871708 2.0159272360615423 3.0904189427092223 1.7099516303278486 0.98274551855865777 3.1179989113006732 0.46809586469316666 21.519918857433371 1.8909460364957329 4.8131008502677997 3.5792333426361438 2.7450980895373496 4.2268680152483276 7.9781892383471122 5.3316538555081916 0.67567578359739844 2.3457928819698282 1.9183105066767883 4.3380767651251517 32.754603976762155 24.519627632631455 1.8008266675751645 6.2318235233542527 1.7125940709956911 11.153331686102318 4.3244583533960386 1.2182431807159444 2.9991399963619179 2.1028858716599643 1.7891477372322686 0.56736703263595645 3.8756466358900061 1.172143251635134 1.2942210445180524 1.482319127419031 1.9601186085492361 18.271502544463157 0.57067668018862505 8.29135629424127 7.3749598141585011 0.59842268645297991 7.2081482093199165 1.3639345587580454 0.85081228206399728 2.8880585239094216 25.286363183375215 1.4957163901999644 3.9533844282850623 1.7330102488340342 33.530471470905468 7.887268724385649 2.8840262157609691 7.1926990829233546 10.413134261703815 6.2021816071064677 0.57631894969381381 1.1372787556319988 34.537973579193931
leaf_count=149 604 750 10349 265 4654 363 264 206 91 144 23 98 208 213 282 1133 861 392 145 582 570 519 224 205 1567 147 125 1129 109 310 67 579 839 57 662 6 410 4 57 98 118 10181 56 2104 985 72 1990 468 270 460 10889 70 448 448 409 237 130 204 215 218 48 155 2186
internal_value=-5.05335e-05 -0.0102461 -0.0166014 -0.00894194 -0.00204071 0.02543 0.00699163 0.0110727 -0.000658543 -0.0234734 -0.0502246 -0.00966462 0.0318085 0.0361641 -0.051762 0.00224641 0.0331872 0.021578 0.00758014 -0.0367391 -0.000912581 0.0363612 0.0542721 0.00384847 0.0264283 0.0387939 0.0408901 0.0316561 0.0350991 0.014362 -0.0178859 0.0315919 0.0344302 -0.0213045 0.0403824 0.00553612 -0.0176334 -0.0309401 0.0502282 0.0501446 -0.033761 -0.0518168 0.0298561 -0.0438074 -0.0253343 0.0637488 -0.0598824 -0.0631403 0.0428919 -0.0501048 -0.0631061 -0.0153291 -0.0319021 -0.0442229 0.0550892 0.00541681 0.00568397 0.0614889 0.0453707 0.0377392 0.0420704 0.0672971 0.0453459
internal_weight=435.04 310.714 271.052 222.568 190.69 124.326 151.304 142.602 91.0756 44.9533 31.8777 29.1199 51.5259 95.2062 48.4849 8.39233 39.6618 46.1224 21.4511 39.386 12.2095 10.0066 27.7763 6.25639 44.1065 93.1407 91.2498 64.9944 63.1936 26.6563 14.0207 4.33624 38.7074 5.10203 36.9167 23.7496 13.4729 5.39901 36.5373 12.6357 19.1133 23.5022 13.2842 17.1532 10.4654 26.2553 8.70241 19.6354 33.6054 9.11988 27.5414 8.86181 7.36609 2.30038 34.8247 9.59722 3.86677 7.66079 10.9838 6.87786 4.90078 25.6569 35.1276
internal_count=61821 53894 50036 38272 26031 7927 20007 17752 15199 11806 12241 4165 2553 3762 11764 1415 3858 3393 883 6024 1370 821 637 429 3129 3399 3186 2812 2687 2112 1704 602 2733 896 2997 1916 738 396 575 408 3344 10923 725 3226 1191 374 2255 10649 1837 1589 11639 1122 1052 454 466 328 274 302 271 788 115 302 2335
is_linear=0
shrinkage=0.05


Tree=6
num_leaves=64
num_cat=0
split_feature=31 42 68 64 83 83 25 43 42 18 25 40 17 35 53 24 40 79 59 48 8 78 6 68 68 30 11 55 58 81 48 78 48 47 64 31 32 28 24 80 59 8 43 66 75 48 71 41 28 67 75 68 5 31 37 69 78 30 72 1 17 24 83
split_gain=45.2883 38.72 30.7204 23.4557 21.084 19.5448 19.68 18.9809 15.9611 12.7487 12.4931 11.8747 11.4809 11.3313 11.3018 10.0465 9.14439 8.5956 8.43036 8.24324 7.92823 7.7728 6.28072 11.4434 7.49089 6.12029 8.82356 8.25635 6.08433 6.04481 6.00353 6.16992 5.86009 6.24585 5.7904 5.7586 5.74306 5.70101 6.71738 5.73366 5.65932 9.50998 5.9238 5.63956 5.0132 5.04528 4.98185 4.72088 4.68695 4.35696 4.25609 4.21796 6.10681 3.92051 3.8668 3.77349 3.75054 3.64806 3.58331 3.65735 3.56287 4.38486 3.54756
threshold=0.11839496716856958 6772.4904785156259 0.081778969615697875 0.72743925452232372 36.704631805419929 216.3530197143555 247.00038909912112 89239.476562500015 1358.300720214844 928.67803955078136 48.407203674316413 163.17768859863284 166.59760284423831 0.5900000035762788 4087.435913085938 90.686397552490249 299.34046936035162 16.574238777160648 0.042820351198315627 50.914958953857429 248.0114669799805 322156.50000000006 1.8220788240432741 0.10896163061261178 0.13478477299213412 48.054773330688484 1409.190368652344 28.264051437377933 13.193449497222902 0.19707002490758899 4478.9453125000009 43172.000000000007 22.543157577514652 989.49200439453136 0.36873301863670355 0.0068318853154778489 8.5560793876647967 0.017883795313537124 196.27994537353518 0.020044264383614067 30.7302360534668 253.20172119140628 22704.890625000004 0.00016400063032051551 271939.50000000006 69.701793670654311 2.1305239200592045 4605.7143554687509 0.038394533097743995 0.057610249146819122 77.000000000000014 0.10690342634916307 0.13650104403495791 1.3192520737648012 -0.58630192279815663 0.073216415941715254 10247.500000000002 42.555902481079109 -194.14949798583982 9.5697436332702654 421.01080322265631 172.01819610595706 289.48358154296881
decision_type=10 2 2 2 10 8 10 2 2 8 8 2 8 2 10 8 2 2 10 10 10 2 2 2 2 10 10 8 10 2 10 2 10 8 2 10 2 10 8 2 10 8 2 2 2 10 2 2 8 2 2 2 2 10 2 2 2 10 8 8 10 8 10
left_child=1 10 5 4 30 6 7 8 32 17 13 62 28 -1 -10 -12 34 21 -4 -19 22 47 25 -24 43 26 27 50 -5 -27 31 -3 -2 -34 46 56 53 -37 -39 -40 42 48 -21 -25 -8 -46 49 -6 58 60 57 -22 -53 -9 -43 -44 -17 -20 -42 -60 -16 -62 -7
right_child=2 3 18 12 9 11 44 36 14 -11 15 -13 -14 -15 16 35 -18 19 20 40 51 -23 23 24 -26 29 -28 -29 -30 -31 -32 -33 33 -35 -36 37 -38 38 39 -41 41 54 55 -45 45 -47 -48 -49 -50 -51 -52 52 -54 -55 -56 -57 -58 -59 59 -61 61 -63 -64
leaf_value=0.061175966975687217 0.060389878091102869 0.03343349493741702 -0.055275510299865084 -0.093914366319912582 -0.076776644155647181 -0.049186165465695528 -0.058290790140735772 0.010493949103072947 -0.043373245437081924 -0.051722265546672787 0.059932843913436763 0.062537488357126747 -0.057229896745612741 -0.053502776796507528 0.0619421387283626 0.0032393879913801293 -0.06045759499757597 -0.074541519224629774 -0.088619614914960343 -0.077390470601587324 -0.076889054787823444 -0.076051160513180838 -0.082606568093562066 -0.067745154809525199 -0.066566301370579492 0.060456191236169146 -0.021437916147277348 -0.057636422041420381 0.052329670267202089 -0.047313308973216131 0.037147517127269047 -0.065697154863501125 -0.072414122265196848 -0.0068667051323204713 -0.086503004303524145 -0.058494676963920682 -0.064226630121449288 -0.064636101910073102 0.053341440665707521 -0.083026479305982892 -0.089044256990017612 0.025394643992739486 0.048274013156737572 0.069438137177635084 0.067473427180236856 -0.075217872402056823 -0.081719126486551955 0.034934505357237598 -0.085917392628129294 -0.077700031601047229 0.05524421057260797 0.041305825350799318 -0.06494210208906806 -0.083426173734738457 -0.061225708351994181 -0.033586083719150714 -0.066758147405409959 0.079455507524059735 0.046898641848638539 -0.089545641912052887 0.039748194640767662 -0.075006773629512219 0.022570243816191993
leaf_weight=5.0184079613536579 1.7659756095381478 1.7984781987033809 2.4667933343444011 0.85978375616832892 1.1504302329849432 3.6249202766048283 20.761983684875307 5.8942927825555698 4.4271825313917352 5.7302895175816948 1.9635610040859308 17.181543368729763 21.48944164311979 3.7739220033399761 28.720520587725332 1.9978318391367782 2.0984618463844518 1.8022846779786039 0.97178487898782495 0.99535854248097066 1.782865595741894 3.6695361882739235 2.6884437877451992 0.84044289705343356 1.529116453748429 50.702904104400659 6.6059402248065444 1.9030534811608948 4.1156516962801106 1.3354313418385562 2.119886990170925 12.336819172254762 6.5420896328578211 8.1766270662192255 0.79545571820926753 8.5589929957641306 11.268677737039978 2.7368626517709318 4.6868528123595761 0.92253246926702548 0.5332873756706249 1.7674819305539111 47.151507450354984 6.8987456849426962 1.6734462747699574 0.98359529496519815 0.70452081129769695 5.3152925961185247 0.79256336664548044 0.63002575017162499 24.350987871410325 4.5794350864598528 1.9192233884823506 1.3692484658677129 4.7533469994377784 1.4511196326639026 45.428412511828355 0.48346000909805298 15.821323706128185 0.5068628721346603 4.2502407479041713 1.0351891909667754 3.2819410918746144
leaf_count=217 35 51 588 38 71 543 5456 481 1165 1641 31 222 4305 1307 861 50 1006 821 47 177 475 1543 386 153 263 658 908 374 63 129 108 2664 1844 505 226 1703 2600 530 174 128 45 88 2138 68 91 523 304 182 213 224 748 292 352 229 1591 188 17975 1 804 53 198 834 133
internal_value=0.00160494 -0.0153004 0.0167063 0.000790406 0.0111541 -0.000194272 -0.00983792 0.00227494 0.0161099 0.0204818 -0.0440503 0.0402795 -0.0413837 0.0119525 0.0322557 -0.0514776 0.0410128 0.0253091 0.036106 0.0311077 0.0382208 -0.0179287 0.0421786 0.00821539 0.03456 0.0468813 0.0304892 0.0428687 0.0270579 0.0576906 -0.041317 -0.0530845 -0.0256747 -0.0360008 0.0469053 -0.0548781 -0.0418798 -0.0298219 -0.000418305 0.0309141 0.0336887 0.0138527 0.0433571 0.0545406 -0.050015 0.0146513 0.0499081 0.015058 0.032912 0.0525855 0.0502803 -0.00876214 0.00992804 -0.00721091 -0.0377471 0.0458299 -0.0638095 -0.0327819 0.0384975 0.0426631 0.0549993 0.0172726 -0.0150896
internal_weight=443.493 209.248 234.245 134.161 107.696 125.186 101.098 77.6785 59.1463 91.4407 75.0874 24.0884 26.4649 8.79233 42.6616 66.295 38.2344 85.7104 109.059 75.5751 106.592 10.1353 98.3103 11.9567 9.26831 86.3536 34.3152 27.7093 4.97544 52.0383 16.2552 14.1353 16.4847 14.7187 36.136 64.3315 18.5322 16.9052 8.34625 5.60939 73.7729 24.1749 49.598 7.73919 23.419 2.65704 35.3405 6.46572 17.654 34.636 25.8062 8.28152 6.49866 7.26354 6.52083 48.6026 47.4262 1.45524 16.8615 16.3282 34.006 5.28543 6.90686
internal_count=61821 38899 22922 16784 12378 17480 16582 10512 7202 9555 22115 898 4406 1524 4818 20591 3653 7914 5442 6118 4854 1796 3735 870 484 2865 2078 1170 101 787 2823 2715 2384 2349 2647 20560 3310 2535 832 302 5297 2794 2503 221 6070 614 2421 253 1115 2117 796 1119 644 710 1679 2326 18025 48 902 857 1893 1032 676
is_linear=0
shrinkage=0.05


Tree=7
num_leaves=64
num_cat=0
split_feature=31 30 68 22 0 49 72 12 57 4 57 3 13 34 14 45 49 60 5 59 38 45 17 36 8 75 30 75 36 71 75 31 66 14 57 61 19 65 26 5 67 36 68 3 55 30 76 29 71 11 78 78 29 15 68 36 74 5 5 14 31 52 56
split_gain=41.5933 33.9788 26.6635 23.526 16.6536 17.1047 14.0381 13.4597 13.184 13.2754 11.122 10.5394 11.3957 10.3662 9.73056 9.0716 8.79391 8.36917 8.20375 7.73283 7.63711 7.46249 5.96801 5.87506 5.94371 5.7918 6.36394 5.52945 5.39596 5.28266 5.74521 5.264 6.00941 5.18082 5.09137 6.14721 6.08069 5.03331 5.18217 4.8219 4.57665 4.57227 4.53755 4.33347 4.29351 4.20996 3.94888 4.0988 3.91616 3.7536 3.68795 3.68753 3.58649 3.54692 3.41316 3.41292 3.36181 3.3498 3.33318 3.28269 3.21569 3.20587 3.16046
threshold=0.11839496716856958 0.072553582489490523 0.081778969615697875 323.66687011718756 80.026481628417983 1.1216833591461184 42.858947753906257 119.66295623779298 0.36992761492729193 0.32268272340297705 0.8263595998287202 0.98596474528312694 1.7973130941390993 1.0000000180025095e-35 20.000566482543949 28812.729492187504 0.37479434907436376 0.4746530950069428 0.0063847133424133071 0.042820351198315627 1.0000000180025095e-35 7262.7778320312509 232.11891174316409 -1.1021490693092344 248.0114669799805 13245.000000000002 0.15869837254285815 51509.500000000007 -0.36182369291782374 1.8037378191947939 440533.50000000006 0.0089261024259030836 0.00098040723241865657 34.428340911865241 0.16557492315769198 0.37968635559082037 88.030906677246108 0.075427316129207625 143.79543304443362 0.033317476511001594 2.3363274522125724e-05 -0.046975748613476746 0.059799250215291984 0.42833800613880163 1.5101872086524966 1.9708774089813235 144378.50000000003 0.13608530908823016 0.35925725102424627 1623.3931884765627 4381.5000000000009 14059.000000000002 0.20009533315896991 935.87319946289074 0.10690342634916307 -1.3719230294227598 0.00069062862894497823 1.0000000180025095e-35 0.16011049598455432 72.591327667236342 0.06371533498167993 7865.4133300781259 0.032226154580712325
decision_type=10 8 2 8 10 10 10 10 10 2 10 2 10 2 10 2 10 10 2 10 8 2 10 2 10 2 10 2 2 2 2 8 2 10 10 8 10 2 10 2 2 2 2 2 10 10 8 10 2 10 2 2 8 10 2 2 10 2 2 10 10 8 10
left_child=1 15 4 8 7 -6 18 -2 9 11 50 12 -3 -5 31 49 56 33 -7 -4 25 -21 -20 -23 39 34 -27 37 -26 48 -31 -14 -33 57 35 36 -16 -19 -39 -25 -24 61 53 45 -18 -41 47 59 -12 -1 -9 -50 -51 -42 -30 -10 -15 -8 -56 -38 -36 -17 -34
right_child=2 3 19 13 5 6 17 10 55 -11 29 -13 14 16 20 41 44 27 22 21 -22 23 40 24 28 26 -28 -29 54 30 -32 32 62 -35 60 -37 46 38 -40 43 42 -43 -44 -45 -46 -47 -48 -49 51 52 -52 -53 -54 -55 58 -57 -58 -59 -60 -61 -62 -63 -64
leaf_value=-0.054177541858759594 -0.077560956735965941 -0.069283681957607576 -0.053589171291355799 -0.063892626865720573 -0.049159749113829421 -0.056977323744239465 -0.078221839886410474 0.090215831692140758 0.075318076210613163 -0.067479831894621742 -0.081634504036597569 -0.071494939238282429 -0.049268591831753791 -0.054318104414443617 -0.030638160624361588 0.025448277206124859 -0.058585876588765351 0.063012352429677121 -0.051454613439248467 -0.050127079129403666 -0.050331429428579058 -0.045151425182024946 -0.060241201023846107 -0.079458895788861908 -0.080151461815664279 0.053406116601836931 -0.040825917598604634 -0.071424283708336478 -0.072418386178771915 -0.06349455074668417 0.063428513361723754 -0.079607565821386131 0.070460378240791766 -0.036780327694096025 0.055755609662252271 -0.044278836007421669 0.044702650843202629 0.060434667845235414 -0.064869381013076863 -0.079323147462731822 0.042949131164355593 -0.067152594562145007 -0.028377046831380554 -0.080456009945463425 0.056466768197764583 0.046438621497735359 -0.059381859062129318 -0.020727878211576536 -0.084615664617426534 0.044300995330213526 -0.071162676765813296 0.058382320549967032 -0.084599602783279992 -0.069858666889767593 0.05078744952205444 -0.071392500321168673 0.023801805549532814 0.037394904312240212 -0.082607129967154899 -0.034445320032519433 -0.087452364056021498 -0.086928741419841318 -0.042043124519325167
leaf_weight=1.0483391120505974 2.7697399726312133 5.0212446301447917 2.4384211481083176 40.663238978057052 22.197699396390817 10.929612955224 0.69983474677428414 0.40428619086742346 0.41335580963641305 7.9371055903320658 0.52680158184376225 4.8982352653692933 9.9520978300715761 9.2197111020796019 4.5164182974840505 4.410482059844071 0.99291722767520596 15.553224477043846 5.1015336729469736 2.4313066579925353 4.0451872574631116 2.0580362733453503 2.0303033917734892 0.78974964347435062 1.7300720994244327 2.4297064526763261 6.8235013874364085 0.9680545630690166 0.84228969755349581 2.1329756611085027 1.5319477311568332 1.2794085746863864 2.8902668270748113 6.7745213683811016 14.315694338874888 3.6645260130171655 26.357592827698692 1.5820681361947202 1.7245863481657577 0.67028723770636034 10.540425436833171 3.1551706254831497 3.690108410693937 0.68756271526217361 4.4230501787969843 92.358766053803265 1.1557581071974699 3.0028791854856527 0.45849392283708112 30.479320256446957 2.8476301509654149 26.983852412347915 0.54936073796125029 0.74613285309169519 4.3816368653788231 9.6689291479124204 1.6190124620916311 5.9783043682691641 0.52433883646153834 1.3785759725142259 0.40302981226705092 0.7413162012817337 0.79621898458572093
leaf_count=144 539 1217 588 16370 6565 2828 180 3 3 3171 173 973 1272 1128 331 543 107 292 996 299 981 103 571 431 261 216 2355 909 315 649 36 96 23 1016 427 458 921 34 214 156 436 596 328 142 122 2747 113 240 19 1979 763 682 234 83 235 4208 67 164 165 168 52 328 56
internal_value=0.0019097 -0.014362 0.0163241 -0.0242681 0.000679179 -0.0111689 0.00154717 0.0285301 -0.0108614 -0.00541213 0.0369531 -0.000110982 0.00386093 -0.0504017 0.00828537 0.0268154 -0.0166523 0.0244674 -0.0215412 0.0344484 0.016298 0.0364646 -0.00402295 0.0384881 0.0401759 0.0205063 -0.0160825 0.0451203 -0.00273417 0.0460047 -0.0104404 -0.0282882 0.0137585 -0.00597305 0.026685 0.0174484 0.0236608 0.0511024 -0.00491769 0.0435714 0.010205 -0.0197521 0.019755 0.0446082 0.035374 0.0455325 0.0313498 0.0347612 0.0534009 0.0388749 -0.0510997 0.0559932 0.0420188 0.0354916 0.0205663 -0.0653776 -0.0426491 0.0252789 0.0365306 0.0407687 0.0518343 0.00927783 0.0461615
internal_weight=443.336 208.252 235.085 167.868 126.172 88.5164 66.3187 37.6557 110.95 100.867 34.886 92.9303 88.0321 56.9179 83.0109 40.384 16.2547 33.2806 33.0381 108.912 68.0929 106.474 22.1085 104.043 101.985 64.0477 9.25321 19.8279 7.47834 31.6341 3.66492 14.918 4.96589 13.4527 54.7945 40.0758 36.4112 18.8599 3.30665 94.5064 17.007 8.30697 14.9767 93.7166 5.41597 93.0291 31.8948 30.739 27.9691 32.077 3.25192 27.4423 31.0287 11.2866 5.74827 10.0823 10.8387 6.67814 4.90598 27.7362 14.7187 5.1518 3.68649
internal_count=61821 38899 22922 35075 17480 14616 8051 2864 17281 13070 2325 9899 8926 17794 7709 3824 1424 2809 5242 5442 6262 4854 2414 4555 4452 5281 2571 1449 976 1559 685 1447 175 1360 2710 2231 1773 540 248 3476 1418 1467 847 3045 229 2903 1442 1329 874 2357 766 701 2213 519 715 4211 1195 344 400 1089 479 871 79
is_linear=0
shrinkage=0.05


Tree=8
num_leaves=64
num_cat=0
split_feature=30 30 8 4 44 1 57 17 78 21 68 84 48 41 70 22 20 3 49 1 54 18 35 6 42 65 35 11 54 72 19 42 54 84 23 35 76 35 29 58 31 36 17 36 17 54 54 40 23 1 43 84 30 68 57 17 58 76 13 8 76 59 65
split_gain=35.6923 26.6298 19.7453 20.212 18.2032 17.7376 13.7589 12.1206 11.5947 13.1262 10.1372 13.8535 9.59298 9.48099 9.24899 8.99718 8.52646 8.19751 7.48334 7.40967 6.79733 6.74428 6.73847 6.65354 6.45366 7.4239 6.27998 6.22713 6.13672 6.07876 5.83635 5.61442 11.2746 6.85321 6.07958 10.1243 7.32683 5.44316 5.39891 5.1211 4.8662 4.69171 4.58086 4.4864 4.40641 4.39094 4.22821 4.17231 4.13051 4.11233 4.10414 4.02881 4.00152 3.99995 3.9368 3.71852 3.56073 3.42112 3.37767 3.29944 5.23131 3.82773 3.23641
threshold=19.153988838195804 0.060956995934247978 263.01055908203131 0.32268272340297705 152440.19531250003 12.118925571441652 0.1737705543637276 335.18438720703131 328967.00000000006 3933.611450195313 0.042975543066859252 313.84324645996099 313.41851806640631 24917.710937500004 2.1597725152969365 278.44261169433599 78.651668548583999 0.80803775787353527 0.20980643481016162 0.71506202220916759 0.20003684610128405 31.634016990661625 0.8400000035762788 1.6733333468437197 7015.1713867187509 0.8443448841571809 0.40200002491474157 1062.1369628906252 7.850020408630372 -7.2375905513763419 108.58029937744142 3383.447631835938 48.280857086181648 84.970588684082045 128.57447814941409 0.46399997174739843 5838.0000000000009 0.43199999630451208 0.18169499933719638 21.664580345153812 0.023082937113940719 1.1459329724311831 664.54122924804699 -0.87847056984901417 53.471857070922859 0.061511376872658736 254.4416427612305 122.11936950683595 -27.88834190368652 6.9968066215515146 6072.9069824218759 122.31708145141603 70.517261505126967 0.094845507293939604 0.065145120024681105 438.80451965332037 39.511499404907234 113.00000000000001 200.0353927612305 263.01055908203131 99508.500000000015 15.611641883850099 0.33680890500545507
decision_type=10 8 8 2 2 8 10 10 2 10 2 2 10 2 2 10 10 2 10 10 10 10 2 2 2 2 2 10 10 8 10 2 10 2 10 2 10 2 8 10 8 2 10 2 8 8 10 2 8 10 2 2 10 2 10 10 10 8 8 10 10 10 2
left_child=1 17 3 4 5 7 13 26 9 12 11 15 -9 20 43 38 21 27 -12 -8 39 -13 31 40 49 41 28 -1 -3 -14 -10 32 33 37 35 -34 46 -20 54 -6 -11 58 50 -7 -4 -46 57 62 -21 -15 -36 53 -23 -50 -2 -33 59 -37 -26 -29 61 -61 -31
right_child=10 2 44 -5 6 14 19 8 30 23 18 16 29 24 -16 -17 -18 -19 22 48 -22 52 -24 -25 25 -27 -28 56 -30 47 -32 55 34 -35 42 36 -38 -39 -40 -41 -42 -43 -44 -45 45 -47 -48 -49 51 -51 -52 -53 -54 -55 -56 -57 -58 -59 -60 60 -62 -63 -64
leaf_value=-0.077045872716423561 0.062695280474721893 -0.07403728073921606 0.047234924160829417 -0.051013552818195668 -0.034725660956015113 0.056934481676996919 -0.051311166101912491 -0.058353981306108131 0.0032490434236671379 -0.071842665134136799 -0.062317524845227672 -0.075980498140966385 -0.047482669067288027 -0.059600004671003376 0.055576491786163765 -0.05475982060015127 -0.073433701071461382 -0.057595756871846107 -0.094521960039912784 -0.082765143918469508 -0.056572955902568271 0.054616223451892189 -0.084810391597960347 -0.084932744964715021 0.044049711191378071 -0.042022018670900343 -0.050427597137658389 0.051792129649687525 0.046200768631825637 0.041266788838993318 -0.072582881072343744 0.056129875928446406 -0.073172789701815913 -0.050088693176743408 -0.052095462779657757 -0.086018602924611248 -0.063347425865790216 0.032628716021755565 0.028311220209862355 0.058747397513220889 0.057694046922499499 -0.030008364872440553 -0.044330484551034277 -0.074231415651522817 0.061146272700247722 -0.059369520738753789 -0.095655153736967938 -0.053934781498809974 0.035905822264345751 0.048907702251276018 0.05060174905375836 0.06563742950288752 -0.051988981901248212 -0.075809165496866462 -0.059932659605591923 -0.050698489103228973 -0.061074104826267496 0.056400838022891787 -0.074442765390632631 0.051799539481529835 -0.072282927308458117 -0.049868779960558447 -0.0089928308685143874
leaf_weight=1.1618305688025419 0.79122654348611909 1.53225743677467 1.0700283949845495 25.307724425132619 3.000177583278858 0.89135278854519073 1.9161188022117155 9.1809563753195125 3.533814816211815 0.76742708915844104 2.1438206783204796 1.1450433735444736 4.7105795812094584 4.1205037572944994 11.699835987179538 11.797904169477986 1.7548370688746207 2.458139146823668 0.9512177510187011 0.5676680956967175 10.245666586153673 17.160301982716195 1.2191607838030893 0.96971471561119038 22.005266571271942 3.7369354819238643 38.328544776508352 25.832640631502727 3.4517548782750964 10.267240207409492 8.9981100619770569 26.525402351195229 3.0044554513879147 6.6910308084625276 0.99560511758318071 0.4397083912044718 1.8590749418362964 7.3100712046725675 8.7188693563803099 2.8642230691039003 13.117252890020609 2.6082654253114006 1.3782742943731126 2.4269830149132758 0.77684710029280069 27.903565084736329 0.51837010344024825 1.8544321593362827 5.7295555039891104 1.1079825032502411 42.562471307610394 18.482026808516821 0.9278481925430232 0.93152830633334804 3.7873043269501068 0.84039381053298612 0.83942604716867109 10.277360141801182 0.61831649392843147 5.274050675914622 1.4151451732031999 1.1228914252715183 4.655409274972043
leaf_count=298 19 189 176 7269 333 20 334 861 1648 147 327 251 408 1148 217 2631 289 902 40 128 1548 777 94 189 727 480 12481 1005 75 232 8249 531 135 1320 87 28 567 304 470 113 190 162 66 379 40 9484 47 220 163 38 880 272 289 29 586 208 466 172 76 222 367 120 298
internal_value=0.00216589 -0.00821292 -0.0141614 -0.00898322 -0.0035093 -0.016032 0.0151919 -0.0235453 -0.00861147 0.00311247 0.0216929 0.00209493 -0.0155731 -0.000376589 0.0346797 -0.0229759 0.032072 0.0307178 0.0301559 0.0435415 -0.0320014 0.0416983 0.0320517 0.0416909 0.0145216 0.0237495 -0.0435621 0.0368078 0.00923544 0.00270581 -0.0511994 0.0334302 0.0264367 -0.0124755 0.0359694 0.00960508 0.0285979 0.0179884 0.00522394 0.0109274 0.0505344 0.0334905 0.0454147 -0.0389984 -0.0523884 -0.0561052 0.0438117 0.0167975 0.0506105 -0.0366058 0.0482544 0.0536218 0.0491478 0.0202829 -0.038741 0.0528492 0.0406438 0.0505575 0.0408112 0.0431816 0.0147087 0.0339531 0.0255873
internal_weight=440.282 287.482 249.378 219.628 194.32 116.386 77.9342 101.367 58.0549 45.523 152.8 46.0833 30.6686 50.3073 15.0182 25.0953 20.988 38.1041 106.716 27.6269 16.1101 19.2332 104.573 14.8544 34.1973 28.9688 43.3126 35.646 4.98401 21.4877 12.5319 103.353 75.9876 14.9523 61.0353 16.099 13.0945 8.26129 13.2974 5.8644 13.8847 25.2318 44.9364 3.31834 29.7504 28.6804 11.2354 16.7771 25.7108 5.22849 43.5581 25.1431 18.0882 6.66108 4.57853 27.3658 34.4842 10.7171 22.6236 33.6447 7.81209 6.39694 14.9226
internal_count=61821 51703 48323 38623 31354 25803 5551 25187 12442 2545 10118 5312 2019 4625 616 3706 1606 3380 4806 926 1994 1317 4479 526 2631 1445 12745 2478 264 1158 9897 4385 3646 1664 1982 949 814 344 1075 446 337 965 1033 399 9700 9524 247 750 592 1186 967 464 1066 192 605 739 2180 200 803 1714 709 342 530
is_linear=0
shrinkage=0.05


Tree=9
num_leaves=64
num_cat=0
split_feature=30 30 9 83 14 31 83 44 64 74 83 69 78 60 44 17 38 63 68 0 1 80 83 64 58 17 48 70 39 12 84 48 41 64 47 60 60 73 29 84 52 78 56 52 44 75 20 52 29 2 5 84 73 71 41 52 48 41 74 69 78 41 72
split_gain=34.0996 27.7271 20.9878 19.7979 14.7161 12.6637 12.037 10.8467 10.217 10.1302 11.3446 8.85681 8.40396 9.44768 10.3119 8.27322 8.10338 9.36009 8.0709 10.6171 8.34738 6.92958 6.6212 7.18869 6.28499 6.26561 6.11875 6.0268 6.02388 6.00234 5.73635 5.6993 5.10557 5.35616 5.08971 5.4233 10.5362 5.07515 5.06413 5.04839 6.77003 4.86651 4.78977 4.77999 5.88892 5.63661 4.76854 4.68972 4.61699 4.56596 4.42492 4.40539 4.26623 4.12949 3.97994 3.71262 5.45012 4.22214 3.57034 3.45906 3.35915 3.28658 3.11005
threshold=18.473957061767582 0.060956995934247978 270.11735534667974 18.590803146362308 20.744026184082035 0.13199858367443087 93.551975250244155 292555.76562500006 0.43706893920898443 0.003340623690746725 29.510057449340824 0.1048128977417946 528484.00000000012 0.13627733290195468 92183.019531250015 240.42845153808597 3.0510517358779912 0.0064415109809488067 0.010755384340882303 80.026481628417983 0.20454973727464679 0.020663224160671238 88.001617431640639 0.55924478173255932 60.508296966552741 763.16748046875011 4478.9453125000009 1.6022537350654604 0.13343685865402224 120.77630996704103 35.34173774719239 68.189807891845717 47182.068359375007 0.90041157603263866 82.527389526367202 2.3808437585830693 12.628724575042726 -0.60585376620292652 0.15688570588827136 90.986618041992202 6084.8420410156259 23304.500000000004 0.019643133506178859 6505.1777343750009 120346.14062500001 9840.0000000000018 78.651668548583999 6922.5515136718759 0.032334942370653159 0.66780823469161998 0.10003335773944856 134.47389221191409 -0.033333333209156983 1.0400204062461855 25167.157226562504 4019.655395507813 292.53366088867193 43543.779296875007 0.0037605992984026675 0.030947383493185047 363913.00000000006 6000.3034667968759 -18.599999427795407
decision_type=10 8 8 8 10 10 10 2 2 10 8 2 2 10 2 10 10 2 2 10 10 2 10 2 10 10 10 2 8 10 2 10 2 2 10 10 8 10 10 2 10 2 10 10 2 2 10 8 10 2 2 2 10 2 2 10 10 2 8 2 2 2 8
left_child=1 22 3 7 -2 6 24 -3 21 10 -6 41 13 14 -7 54 17 42 19 27 -20 43 -1 -24 26 28 49 -11 34 -15 -23 -9 -17 48 -22 52 -37 51 -13 40 -31 53 -12 45 -45 58 -18 -19 -34 -5 -14 -16 55 -4 -10 -36 -57 62 -8 -21 -28 -46 -58
right_child=4 2 11 5 9 12 8 31 15 18 16 38 50 29 37 32 46 47 20 59 25 30 23 -25 -26 -27 60 -29 -30 39 -32 -33 33 -35 35 36 -38 -39 -40 -41 -42 -43 -44 44 61 -47 -48 -49 -50 -51 -52 -53 -54 -55 -56 56 57 -59 -60 -61 -62 -63 -64
leaf_value=-0.071645663048234609 -0.071747020009830784 -0.060753372269990391 0.05861227555831449 -0.058422659864062976 -0.068487461469632346 -0.051165952413457755 0.052008016357913772 0.063438626586886079 -0.072667967531198349 0.052482008479221555 0.027988725749891363 -0.07236910613424237 -0.067566155243134127 -0.073749063769665668 -0.0083664552568247907 -0.048164317213874548 0.053162654604541504 0.039203603924218067 -0.076044504778005659 -0.068605218416599556 0.060813228019250855 0.058410436669748357 0.042036801749930103 -0.03327167463484048 0.048700311938158082 -0.064452011033608314 -0.061196743495532606 -0.071897084872768816 -0.063288302543600322 0.045504483595737708 -0.06842202971134434 -0.064374281513956425 -0.044016148042200304 -0.071399743467825516 0.062857851861922207 -0.078352362504990475 0.040223642417865746 -0.063945187784197624 0.059283201669919773 0.045423163345457124 -0.080884177669545976 -0.057163364229223301 -0.050937704883457849 -0.045900516897252996 -0.049206575905338529 -0.061292679107434828 -0.074037617704385314 -0.081661202039007397 0.044195634326361706 0.034275842533338603 0.014710886947671406 0.063438278786441329 -0.028440038384345515 -0.040741333010412127 0.050770645345660871 -0.030894837810637146 0.0075087721870127208 -0.051144295413952372 -0.089184049658855236 0.0091423241463108509 0.06233375086253521 0.027037924370371259 0.048554536383768249
leaf_weight=1.510342955647501 4.1497756497701621 22.656623587929065 1.7302547232247878 23.026080550567723 4.9922836841287781 7.7613572514383149 16.480083276284862 3.009729992831125 0.75656453939154644 7.3032756729517114 2.3927558170107686 0.96781604160787482 4.2484520411235271 1.2123727619182307 3.3170507344184426 18.655162444221791 11.413168880739246 9.5838109864853305 1.6147549410816271 5.1491430669266256 25.379696150834206 1.1496558196959075 34.438223159289919 3.4899839035060713 1.9067338858149003 1.4527565698372189 0.77457191504072342 1.1238061311887575 1.3858887534879603 2.3231722305063149 3.9698726531350985 1.2280772973317651 2.1048936610750371 2.1807028849725612 15.960367708059485 2.9914777402300361 5.012418907805114 1.4089440435636778 2.9782019539852627 35.225480897002853 1.9479261406231669 37.600449763136567 9.7755407251825073 4.4013576646102619 1.5688849410798855 1.2637354530161236 0.78764840954681936 0.87593034090241317 5.0235404453997035 1.4097217744565558 2.6555888672592118 5.9997225609840825 2.208415924018488 2.6440249569714069 4.7704624467296526 2.9613147147465488 5.4044483797624707 1.2425422261294432 0.46024703979492443 1.9810245669505091 1.9009141892893238 14.262490351131417 31.593028517789207
leaf_count=626 930 10216 44 9406 1241 905 297 23 64 183 147 200 3686 269 168 3116 308 374 243 1260 390 41 1881 873 117 120 134 282 207 51 948 564 249 394 151 583 255 205 117 908 192 11088 1326 1815 237 329 125 125 187 35 883 68 290 128 28 363 298 169 36 223 29 909 762
internal_value=0.00242955 -0.00788983 -0.0141536 -0.00712452 0.0211556 -0.000892268 -0.0115973 -0.0470205 -0.0012603 0.0236822 0.00200263 -0.0446238 0.0162853 0.0223739 -0.00726736 -0.0220243 0.0121065 -0.00560292 0.031338 -0.002099 0.0366894 0.0147056 0.031019 0.0351073 -0.0390439 0.0385937 -0.045215 0.0358952 0.0401839 0.0358349 -0.0399402 0.0263996 -0.0330724 -0.00282866 0.0417299 0.0345413 -0.00409446 0.0244986 0.0269936 0.0391986 -0.0121378 -0.0513565 -0.0354177 0.021984 0.00525901 0.0405729 0.044951 0.029082 0.0181483 -0.0530748 -0.0359189 0.0378736 0.0397499 -0.00144182 0.0338738 0.0423844 0.0344534 0.039514 0.048172 -0.0470041 0.0265708 0.0194821 0.0425587
internal_weight=441.155 284.419 244.981 199.06 156.735 172.166 106.066 26.8944 77.0477 152.585 39.8211 45.9207 66.1001 59.196 18.4871 33.4913 34.8289 22.628 112.764 15.5572 97.2071 43.5563 39.4386 37.9282 29.018 95.5924 27.1113 8.42708 94.1396 40.709 5.11953 4.23781 27.9643 9.30914 92.7537 67.374 8.0039 10.7257 3.94602 39.4966 4.2711 41.9747 12.1683 38.4368 20.2327 18.2041 12.2008 10.4597 7.12843 24.4358 6.90404 9.31677 59.3701 4.37428 5.52703 57.1617 41.2013 38.24 16.9403 7.13017 2.67549 15.8314 36.9975
internal_count=61821 51466 48086 36509 10355 25706 18371 10803 8650 9425 3646 11577 7335 2766 1346 4038 2405 1972 5779 1948 3831 4612 3380 2754 9721 3588 9604 465 3468 1420 989 587 3946 830 3261 2871 838 441 317 1151 243 11260 1473 3623 2961 662 433 499 436 9441 4569 236 2033 172 92 1743 1592 1229 333 1483 163 1146 1060
is_linear=0
shrinkage=0.05


Tree=10
num_leaves=64
num_cat=0
split_feature=55 42 3 83 68 31 73 6 25 17 74 81 44 67 45 83 38 69 29 14 19 40 25 62 14 72 41 51 39 6 44 78 68 78 39 24 1 19 35 55 62 83 37 64 73 72 14 19 72 43 43 78 80 43 21 61 72 24 16 60 57 43 58
split_gain=30.6425 21.1658 24.0646 18.3593 17.968 15.669 13.2878 10.9307 10.325 9.84173 10.157 8.53894 9.42865 8.27494 8.17387 8.98519 7.23441 8.03889 7.56306 7.13281 6.55327 6.29352 5.85456 5.8545 5.77217 5.55998 6.02105 5.46804 5.36506 5.32382 8.06017 5.32157 5.2674 5.15087 5.03524 4.9455 4.64043 4.53738 5.61747 4.46251 4.30597 4.17172 4.15245 4.08996 3.98982 3.98937 3.95138 3.80141 3.76046 3.65243 5.92828 3.71761 3.64896 3.50167 3.39917 8.81017 7.38072 3.76703 3.48877 3.39432 3.37961 3.36031 3.34486
threshold=17.35164833068848 6263.7326660156259 0.80028903484344494 33.902547836303718 0.005863380618393422 1.0000000180025095e-35 -0.60585376620292652 0.63190060853958141 245.17486572265628 664.54122924804699 0.0041979262605309495 0.19708002358675006 272462.03125000006 0.21902630478143695 280848.59375000006 55.535963058471687 4.8382737636566171 0.11997700482606889 0.2561155110597611 68.339488983154311 115.24832153320314 164.61908721923831 264.23788452148443 0.6521916687488557 20.000566482543949 -58.003299713134759 39666.851562500007 0.18774100393056872 0.14646916091442111 1.8400000929832461 40223.255859375007 70153.000000000015 0.16490389406681064 42945.000000000007 0.18522416800260547 263.33898925781256 5.9432139396667489 103.00012588500978 0.82200005650520336 404.14266967773443 0.0030471519567072396 29.160710334777836 -1.0796307325363157 0.69416850805282604 -16.995237350463864 197.35769653320315 44.705564498901374 106.00008773803712 9.1038465499877947 50818.890625000007 63265.683593750007 200465.50000000003 0.013755411375313999 171318.30468750003 616.23037719726574 0.54674535989761364 111.98307037353517 126.82800292968751 218.4594650268555 0.031311035156250007 0.1737705543637276 277501.81250000006 61.45537185668946
decision_type=10 2 2 8 2 10 10 2 10 8 10 2 2 2 2 8 10 2 8 8 10 2 10 2 10 8 2 10 8 2 2 2 2 2 10 8 10 10 2 10 2 10 2 2 10 10 10 10 10 2 2 2 2 2 10 8 10 10 10 10 10 2 10
left_child=1 5 3 33 14 11 8 -5 20 10 16 -1 -13 19 27 -16 17 18 -6 22 45 41 37 36 -12 26 -4 -2 29 35 -31 46 -19 -3 -24 49 -8 38 42 -29 48 -18 -9 -44 53 -7 -10 -20 -32 54 -51 -52 -33 -39 55 57 58 -26 -56 -38 -14 -28 -46
right_child=4 2 25 7 9 6 23 13 31 -11 24 12 60 -15 15 -17 21 32 47 -21 -22 -23 34 -25 28 -27 61 39 -30 30 40 52 -34 -35 -36 -37 59 44 -40 -41 -42 -43 43 -45 62 -47 -48 -49 -50 50 51 -53 -54 -55 56 -57 -58 -59 -60 -61 -62 -63 -64
leaf_value=-0.061463632233323656 0.021224633737334353 0.028510396826426365 -0.053514679239823719 -0.039930317102450749 -0.067629452113875652 -0.046408408167280014 -0.05423292283969381 -0.073773208026702772 -0.047066216834288022 -0.041214841893035446 -0.047479537218564453 -0.056546622330663689 -0.068591822862645369 -0.029732392706474681 -0.059636365145791563 0.051383840050816136 -0.08003317263731885 0.045954524437629277 0.021496698701846138 -0.043445615376304467 0.041665649301789717 -0.074962954761901818 -0.046883475585011471 0.048803921052643313 0.047016808544757406 -0.055995347526823461 -0.048243948700264321 -0.061365111726456492 -0.057599529336948063 -0.063280983446576053 -0.078089905641128735 0.0205074673142456 -0.082199180983580755 -0.063995374862384172 0.046218206786950426 -0.073161746794125834 -0.050688061274208995 0.025126043147388668 -0.059663157595223032 0.0333206484581684 0.056898130679470839 0.055783274561541786 0.030128481275655927 -0.059410781244453086 0.051350937742928177 0.054112700048715157 0.052644863635151966 -0.074956788541299987 0.018876781582144508 -0.065424233285683323 0.042057458544157628 -0.036876275245731734 -0.060981208627177708 -0.079836782036636758 0.058810193835672681 -0.063531157504142885 -0.072775688141984415 -0.081133390180219769 -0.021702853631737271 0.034757095337640237 0.067049041530524697 0.067700686292423873 -0.008730043573040594
leaf_weight=34.73971947611426 3.0126146425609539 1.786907339002936 3.1375372276233975 7.711880075687076 8.1394589330884628 3.9757382683164932 21.094290123088292 1.050993612501762 1.4996742093935598 5.5903228645329355 2.1298949660267672 4.3398072156123799 0.52776464179623861 7.2411472194216904 2.5825495844182997 6.19241405412322 0.60120285372249682 6.2123077388387165 5.5601818179129632 3.5879689451830918 18.487395244068466 1.1666912540094916 4.4943364522769107 1.8137654110323627 15.065594196901657 18.878862089943144 0.80785612369072657 13.508194876092601 1.5193102727062058 3.0383626038965295 1.3024199339270106 1.656552146479952 0.92063990572933097 9.5322015916754008 2.1455630075070076 0.92669338610721652 1.9541874289279793 2.7029023368377234 2.1024449558462939 1.3706340447533865 6.1657979254378006 9.4923220449418277 36.366540652146803 1.3217112338461436 37.899578590033343 1.3129959247598888 2.9441906590946019 1.2514431407325899 4.3039395482337568 1.7658688882947888 11.73155241506174 1.7089902470179357 8.0476558334339625 1.1254463214427231 51.170773432648275 2.256741521152434 1.1243496863171447 0.59614885563496578 1.3818227289884806 2.8682711342116818 3.5360864704125561 2.7594860894605517 2.4673748476488973
leaf_count=14008 140 55 430 1368 2213 510 6361 116 73 706 563 1936 153 2547 742 157 64 214 448 1231 1031 397 1122 26 243 4270 120 4238 278 723 354 223 202 2432 67 274 359 118 245 163 275 192 1918 283 1306 44 45 377 290 201 212 494 2622 262 948 267 188 61 288 164 20 29 405
internal_value=0.000570294 -0.0103946 0.00197083 0.0112487 0.016905 -0.0271156 -0.0117339 0.0174764 0.00750075 0.0238366 0.0264429 -0.0505232 -0.00529657 0.0217953 -0.0208181 0.0187096 0.00236923 -0.0142609 -0.0350975 0.0257119 0.0276257 0.0349849 0.0284186 -0.0380392 0.0340023 -0.0421044 -0.00299176 -0.0402047 0.0356701 0.0370521 0.00932381 -0.0263196 0.0294139 -0.0493918 -0.0167994 0.0417332 -0.0441169 0.0319493 0.0199348 -0.0526427 0.0280629 0.0476936 0.0242547 0.0269884 0.0430521 -0.0214528 0.0189953 0.0037761 -0.00364966 0.0429598 0.0207049 0.0320209 -0.0470707 -0.00573061 0.0476866 0.0288303 0.0539812 0.0421389 0.0566932 0.000132464 0.0494336 0.041444 0.0476786
internal_weight=427.708 255.919 147.121 121.537 171.789 108.798 65.6547 110.218 37.9242 145.123 139.533 43.1434 8.40366 102.506 26.6664 8.77496 33.3442 22.084 14.9511 95.2649 23.7761 11.2602 91.6769 27.7305 106.188 25.5837 6.70488 17.8914 104.058 102.539 14.8105 14.1481 7.13295 11.3191 6.6399 87.7285 25.9167 85.037 40.8417 14.8788 11.7722 10.0935 38.7392 37.6883 44.1953 5.28873 4.44386 6.81162 5.60636 86.8018 15.2064 13.4405 9.70421 3.82835 71.5954 17.9185 53.6769 15.6617 52.5526 4.82246 4.06385 3.56734 40.367
internal_count=61811 45899 18324 13475 15912 27575 11458 10988 4548 10472 9766 16117 2109 9620 5440 899 4107 3454 3038 7073 1585 653 5842 6910 5659 4849 579 4541 5096 4818 1642 2963 416 2487 1189 3176 6884 4653 2562 4401 919 256 2317 2201 2091 554 118 825 644 2902 907 706 2845 380 1995 571 1424 304 1236 523 173 149 1711
is_linear=0
shrinkage=0.05


Tree=11
num_leaves=64
num_cat=0
split_feature=30 30 8 73 25 4 14 44 74 77 68 49 0 83 17 17 43 78 43 38 63 4 74 14 64 15 3 83 45 45 5 49 6 55 29 33 29 77 71 40 67 31 14 9 58 39 38 45 77 38 78 75 33 74 54 39 19 81 5 67 20 72 0
split_gain=31.9357 25.0271 17.823 21.0153 15.4072 11.8881 11.576 10.8686 10.5828 10.0131 9.13378 9.89706 9.74749 8.79428 8.63033 8.55046 8.4395 8.09948 7.86866 7.38241 8.7053 7.1257 6.69171 8.54062 6.27393 6.42673 6.17156 6.14318 5.95282 5.89184 5.53239 5.43589 5.18948 4.95612 4.94582 4.75899 4.59119 4.19137 4.18317 6.32348 5.32027 4.02299 3.87115 3.83873 4.04414 3.74365 7.14561 4.10019 3.71918 3.52677 3.50171 3.43002 3.4079 3.35243 3.22496 3.1645 3.12467 3.10244 3.03563 3.0312 3.01267 3.01151 2.92227
threshold=17.848245620727543 0.060956995934247978 253.48008728027347 -0.47499997913837427 57.789501190185554 0.39968387782573706 20.744026184082035 152440.19531250003 0.0041979262605309495 4954.0000000000009 0.011736425571143629 0.30009171366691595 80.026481628417983 28.836516380310062 495.64459228515631 673.72711181640636 167609.46875000003 354446.00000000006 171318.30468750003 3.0510517358779912 0.0064415109809488067 0.3001548051834107 -0.0017218478024005888 36.499614715576179 0.42978635430336004 357.01121520996099 0.83384457230567943 93.551975250244155 2321.9072265625005 5774.3493652343759 0.087000530213117613 0.27994038164615637 1.6400000452995303 19.196617126464847 0.38119783997535711 7301.5356445312509 0.24972160160541537 10628.500000000002 0.52036845684051525 406.45750427246099 0.0023594927042722706 0.26781794428825384 104.827205657959 270.11735534667974 46.489328384399421 0.0058765972498804339 12.722649574279787 6059.2910156250009 25525.500000000004 1.5203305482864382 4381.5000000000009 77962.500000000015 5174.3872070312509 0.69834885001182567 15.134023666381838 0.0073016935493797073 136.92826843261722 0.18766353279352191 0.10153312981128694 0.20124094188213351 78.651668548583999 -136.51799011230466 2446.0141601562505
decision_type=10 8 8 10 10 2 10 2 10 10 2 10 10 8 10 8 2 2 2 10 2 2 10 10 2 10 2 10 2 2 2 10 2 10 8 8 10 8 2 2 2 10 10 8 10 10 10 2 10 8 2 2 10 8 8 8 10 2 2 2 10 10 8
left_child=1 26 3 5 9 7 -2 17 13 -5 12 -12 32 -8 42 33 -6 24 -18 20 -15 57 -9 61 25 -3 27 -1 51 -20 35 -30 52 -13 43 -25 60 -22 -35 41 -41 -40 50 44 62 47 -47 -43 -33 -31 -4 -16 -10 -49 -19 -51 -26 -11 -56 -29 -21 -24 -27
right_child=6 2 14 4 16 -7 8 22 10 21 11 15 -14 19 28 -17 18 54 29 36 37 -23 23 30 56 34 -28 59 31 49 -32 48 -34 38 -36 -37 -38 -39 39 40 -42 45 -44 -45 -46 46 -48 53 -50 55 -52 -53 -54 -55 58 -57 -58 -59 -60 -61 -62 -63 -64
leaf_value=-0.066434584989119375 -0.063542757743644152 -0.055284275493969498 0.032612932553199726 -0.058965930337796284 -0.058295379718644784 -0.047600824533348317 -0.068728378749225078 0.057198923142947937 -0.075598525992518401 -0.072768678719491248 -0.073694458160209309 -0.072662877165597356 -0.052329352158849866 -0.044493039047948227 -0.06656919762590055 -0.071335117115365151 0.056130814592138804 -0.066892808685064462 0.032357973522529164 0.051552865955300314 0.03388534304070278 -0.058713159824475773 0.052880729054657308 0.04827870356228775 -0.047180021385468437 0.037605296815245201 -0.048872032285131803 0.039546676125795613 -0.041478833418821248 -0.065635682297422934 -0.059236120571249273 0.038403245421906901 -0.069299732167031711 0.061615253330154954 -0.064583080603532891 -0.016664368458995462 -0.075223112316693777 -0.075521106635808077 -0.087980079728098542 -0.047175626975089278 0.037926888976609618 -0.059481131687202364 0.040165104714360814 -0.072655437527659059 -0.017808061990529211 -0.041676404516079062 0.042457098540526962 0.048758479752644947 -0.065814936006429792 0.087775967842856448 -0.057418973686783628 0.022525512153555641 0.057775588672103396 -0.088316583028714049 -0.065872360694868487 -0.043317834157490596 0.037153078243106964 0.045863623740562992 0.027845961121727016 -0.074351712415933677 -0.07082850251384791 -0.058779449770424388 -0.04844847887381061
leaf_weight=1.4805371320398979 4.1222135203133794 3.0374539912445462 1.1115626264363516 4.3160448024282259 33.250544203430763 9.2802519259857927 4.3675186032050979 15.363876396266276 0.5202559477183949 0.57610005687456478 2.0754088903486254 0.98851205853861657 6.709769899607636 10.050816843591752 5.699904947163307 1.7987170497071918 3.2062424281320991 6.0099829682876562 2.7718338758277232 10.80619061167817 8.4007422212744096 2.0847494528861708 0.70242569711990643 16.097272861079546 6.8897769744507951 27.170493898447617 2.4406719502585466 33.843257202010136 4.0356815198319955 7.6350509829353514 1.6208569759037335 8.4713062747032346 1.1195497392909599 17.913142219185829 1.627576355356722 3.4202849136490903 0.84101144305896092 0.97724204283440563 0.6132769183604968 4.1013058518292373 3.3256669528200291 0.90772527293302019 1.1018566184211511 0.98328466829843009 4.2560608073836184 3.7808303451165539 7.5902326776704285 55.125682159385192 0.95228233610396351 0.78038604557514246 38.046649716125103 1.3328835766005793 6.0313134409952909 0.44968724582575603 1.3862760022457234 1.1224835047614761 1.3066777490312231 12.704248996218665 2.2936699624697212 0.59440319589339097 0.52742042960017066 4.3027781189885017 1.0237246549222572
leaf_count=604 971 624 18 1061 12847 1468 1242 150 94 172 379 357 1535 1512 1054 215 151 5187 181 255 240 1042 23 384 557 821 856 1536 1027 1745 134 430 295 188 129 256 133 276 61 316 39 81 260 133 222 350 240 1551 584 2 13849 247 96 106 1285 306 55 543 379 341 88 430 98
internal_value=0.000819073 -0.00939186 -0.0154808 -0.00738946 -0.0290165 0.00647474 0.0191102 0.0116222 0.0213965 0.00832467 0.0289125 0.0343382 -0.00831453 -0.00222496 -0.0388176 0.0366594 -0.0440866 -0.00275251 -0.0136373 0.00696565 -0.012164 0.0272266 0.0310106 0.0156205 0.00594822 0.0144857 0.0280653 0.0332933 -0.0124028 -0.0318093 0.0295266 0.00707734 0.0301843 0.0387085 0.0205301 0.036898 0.0374936 0.0224845 0.0398821 0.0347525 -0.00906823 0.0395059 -0.0522625 0.0246735 0.0276227 0.0406582 0.0144831 0.0459277 0.0278717 -0.0504571 -0.0548633 -0.0496836 0.0471844 0.0476493 -0.0443215 0.0104451 -0.0337356 0.0407174 -0.00745876 0.0375808 0.0458577 -0.0431092 0.0344807
internal_weight=427.476 274.331 235.973 175.22 68.4477 106.773 153.144 97.4925 149.022 19.6811 113.051 98.6702 14.3809 35.9709 60.7521 96.5948 48.7665 55.985 15.516 31.6034 19.4288 15.3651 41.5075 26.1436 46.295 38.0986 38.3589 35.9182 20.4921 12.3098 21.1384 13.4593 7.67112 94.7961 35.0611 19.5176 12.1746 9.37798 93.8075 75.8944 7.42697 68.4674 40.2601 33.4336 32.4503 67.8542 11.3711 56.4831 9.42359 9.53792 39.1582 7.03279 6.55157 55.5754 9.68993 1.90287 8.19645 13.2803 3.67995 34.4377 11.3336 5.0052 28.1942
internal_count=61811 51191 47854 30385 18050 12335 10620 10867 9649 2818 5903 3883 2020 3746 17469 3504 15232 9490 2385 2504 2028 1757 1377 1227 2639 2027 3337 2481 3342 2234 774 2041 485 3289 1403 640 476 516 2932 2744 355 2389 14127 1274 1141 2328 590 1738 1014 2053 13867 1301 190 1657 6851 308 612 715 1664 1877 343 453 919
is_linear=0
shrinkage=0.05


Tree=12
num_leaves=64
num_cat=0
split_feature=30 30 1 73 16 74 78 26 38 63 4 45 74 25 71 40 63 76 54 47 18 41 44 45 56 53 70 80 67 45 65 63 56 30 45 3 35 45 42 36 77 56 72 72 20 17 58 64 21 18 39 45 43 9 74 12 9 77 37 78 84 48 77
split_gain=28.5061 22.1011 19.1232 14.0126 13.0779 10.2772 10.0295 10.8693 8.54357 8.7964 8.12632 8.32171 7.84387 7.48719 7.34484 10.2911 7.1487 6.25643 6.24405 6.18489 6.77502 6.84533 6.15255 6.02414 5.96687 5.80529 5.62771 5.5662 5.45493 5.44704 5.39757 5.24865 5.14195 4.92751 5.14411 4.92419 4.79595 4.77052 4.74692 4.67806 4.62348 4.55087 4.47769 4.38162 4.07509 4.07303 3.98214 3.8004 3.74933 3.73029 3.6462 6.38863 4.36234 4.34067 3.63571 3.50514 3.45492 3.42771 3.39696 3.38148 3.28228 3.14164 3.11521
threshold=17.848245620727543 0.060956995934247978 3.1519632339477544 -0.5548584759235381 8.7051830291748065 0.0041979262605309495 345525.00000000006 266.17065429687506 3.0510517358779912 0.0064415109809488067 0.39968387782573706 2100.189331054688 -0.0025835362030193205 48.407203674316413 0.52036845684051525 406.45750427246099 0.41426822543144232 450.50000000000006 7.3466653823852548 945.79089355468761 560.87280273437511 36165.894531250007 49616.453125000007 27037.329101562504 1.1830712556838991 6871.3688964843759 0.92000004649162304 0.016970929689705375 0.0042820782400667676 7566.4511718750009 0.036144353449344642 0.05284195393323899 2.0805652141571049 0.19856225699186328 6357.7641601562509 0.98596474528312694 0.58849999308586132 7566.4511718750009 1262.6833496093752 -0.16196101158857343 77962.500000000015 2.3803726434707646 27.268255233764652 25.494280815124515 46.596494674682624 347.68206787109381 7.484642982482911 0.089547023177146925 616.23037719726574 40.14848709106446 0.0054794931784272203 28317.131835937504 86366.777343750015 267.64842224121099 0.058887012302875526 226.11804962158206 258.96751403808599 25525.500000000004 -1.1123747229576109 143724.50000000003 346.92347717285162 2219.7924804687505 4175.5000000000009
decision_type=10 8 10 8 10 10 2 10 10 2 2 2 10 8 2 2 2 8 10 10 10 2 2 2 10 10 2 2 2 2 2 2 10 8 2 2 2 2 2 2 10 10 10 10 10 10 8 2 10 10 10 2 2 10 8 10 10 10 2 2 2 10 10
left_child=1 29 3 6 -4 8 7 10 9 -2 11 45 42 17 22 24 33 -5 -18 43 21 62 -7 47 30 26 55 -22 -23 -1 -16 35 -8 34 -15 40 59 -28 -10 54 58 -34 49 -14 -39 -3 -31 -17 -24 -6 53 -52 -53 61 -32 -26 -48 -40 -13 -11 -61 -46 -21
right_child=5 2 4 13 12 14 32 -9 38 36 -12 31 19 16 15 23 18 -19 -20 20 27 28 48 -25 25 -27 37 -29 -30 46 39 -33 41 -35 -36 -37 -38 44 57 -41 -42 -43 -44 -45 50 -47 56 -49 -50 -51 51 52 -54 -55 -56 -57 -58 -59 -60 60 -62 -63 -64
leaf_value=0.039042525553256692 -0.049581864689236969 0.037254875767644351 -0.052683522342055117 0.060043853750914082 0.041822837966066354 -0.069652959445490964 -0.054701289477520593 -0.057297530270458585 -0.070135443949499068 -0.076114754357565984 -0.045267519024666802 -0.070584501398777477 -0.0048064303098938731 0.026111130583634665 -0.055733993989285038 0.024134109853864997 -0.067894851579234861 -0.066356897286645095 0.069523582669737627 -0.064333787724454791 -0.085867268481730097 -0.068672585384421184 -0.075434408935042441 -0.0649724447087595 -0.0763675010586118 -0.023966597607884811 -0.064702645725863719 0.051332430009729368 0.041071630188616655 -0.066494344706369779 0.038964149923192068 -0.064470682456522668 0.057570673860290959 -0.059562233798214084 -0.060377034804621914 -0.058857858932029619 -0.072544842605114152 -0.067826382350605383 0.042933860216115956 -0.075635019405566967 -0.058837344938636155 -0.071078156567286416 0.053299507221578661 -0.06661436653804774 0.05150858981095368 -0.061015163182344949 0.046742667303880915 -0.08005802340047799 0.061579358180013859 -0.063968970403133638 0.045292018466727153 -0.083867307477326555 0.057972814857288772 -0.046877738237829827 -0.068191633867539556 0.031294908354393261 -0.012651261473575351 -0.078024702384901445 0.023937207383031046 0.044861602508842378 -0.072650678920374676 -0.015545268569924284 -0.0088529068768601633
leaf_weight=26.477877710276516 13.32530212395068 1.2833614689297963 8.1878487748908793 3.0019204737618566 1.6790646865847549 0.98829738507629628 17.446614184285867 8.8895083854440582 1.1376861320459273 0.74258595635183056 8.3201894289813918 0.96869329921900416 8.1334626776806527 3.6937005295476402 3.7305363408231633 5.4763424080447276 1.2964898926147719 1.4527148908236993 2.281006935518235 4.2819235749775562 0.78735497943125565 1.3053317791200232 0.51227260800078767 5.1239503581891768 1.7698869073356029 4.3839529213146298 1.0943634106661182 12.10006102430634 8.5426106678205525 1.9681961385358562 7.7277426689979611 2.078097090474329 2.0822836411243766 44.00027672862052 3.2162554222304607 2.0883793876273549 1.4380027417500958 0.85401401168201019 11.403232919547005 1.2469110279344011 1.8237937098601822 1.0261969368730204 15.236545369902158 4.4286765578726763 49.227173200109974 5.9108486839104444 4.0905526402639225 1.0416522232117129 19.723820817656815 1.6541491200914604 4.8421227072831234 2.1774333936045882 0.7217610572115517 1.2051112284243561 0.881925175053765 1.3196824094920883 6.0992741725349333 0.61740547904628407 50.70403573347722 7.3846017203759384 0.64622344903182227 1.8110900875180949 6.1843459450465161
leaf_count=1227 2584 38 1836 63 90 391 13477 1198 190 67 927 91 993 523 746 177 177 754 37 610 62 201 78 652 319 875 118 147 551 620 217 237 121 18219 1511 137 499 105 302 252 273 539 326 834 1262 788 361 85 202 273 115 331 41 263 82 122 1129 248 2075 134 71 92 746
internal_value=0.000967042 -0.00871476 -0.0144974 -0.0240721 0.00683319 0.0182751 -0.0129124 -0.00508955 -0.0047848 -0.0228238 0.00125261 0.00722044 0.014408 -0.0435016 0.0255786 0.0196167 -0.0485969 0.0188229 0.0197229 0.00328661 0.0145931 -0.0033968 0.0521617 -0.0244067 0.0257921 0.0317239 0.0354787 0.0429502 0.0265252 0.0263208 -0.00450889 0.0135466 -0.0441455 -0.0533978 -0.014145 0.0164633 0.0120938 0.0387641 0.0274822 0.0148789 0.0194037 0.0151001 0.0418158 -0.0265963 0.0406252 -0.043485 -0.00138461 0.00748298 0.0581109 -0.0106777 0.0421693 0.0101451 -0.0485559 0.0469146 0.0279877 -0.0303804 0.0111915 0.0367212 0.0221652 0.0259665 0.0354056 0.0491292 -0.0315511
internal_weight=425.277 272.722 234.086 161.564 72.5214 152.555 102.622 82.0669 36.695 23.5367 73.1774 64.8572 64.3335 58.9424 115.86 94.6357 54.4877 4.45464 3.5775 45.7638 33.2016 20.3142 21.2244 11.6419 82.9937 69.4066 65.0226 12.8874 9.84794 38.6359 13.5871 57.663 20.5551 50.9102 6.90996 55.5849 10.2114 61.9331 13.1583 9.85658 53.4965 3.10848 18.5698 12.5621 60.8387 7.19421 12.158 6.51799 20.2361 3.33321 59.9847 7.74132 2.89919 52.2434 8.60967 3.08957 10.1898 12.0206 51.6727 8.77341 8.03083 51.0383 10.4663
internal_count=61811 51191 47854 41185 6669 10620 19901 5764 4095 3355 4566 3639 4833 21284 6525 5854 20467 817 214 4144 2317 2108 671 914 4940 3643 2768 209 752 3337 1297 2813 14137 20253 2034 2576 771 2327 740 551 2439 660 689 1827 2209 826 2110 262 280 363 2104 487 372 1617 299 441 1490 550 2166 272 205 1354 1356
is_linear=0
shrinkage=0.05


Tree=13
num_leaves=64
num_cat=0
split_feature=30 30 1 16 73 14 6 8 84 67 66 68 0 66 25 63 6 51 14 42 76 21 3 62 35 55 40 68 83 12 30 41 42 60 1 41 14 84 3 74 39 27 74 26 75 35 76 77 63 68 31 68 24 76 74 25 39 74 69 26 72 72 30
split_gain=27.7523 20.3612 18.8121 12.0895 12.0078 10.2204 9.71913 9.3935 7.96891 7.55369 8.79607 7.40824 11.3428 7.26324 6.97808 7.14001 6.70857 6.29419 5.96173 5.84036 5.80942 5.71662 5.30613 5.16515 5.20587 5.05925 5.11772 8.95431 5.03083 4.69316 4.65048 4.31139 4.40429 6.74439 4.24964 4.5964 4.13629 4.03904 3.98908 3.75076 4.37292 3.7154 3.64689 3.54184 3.44638 3.44061 3.32417 3.15623 3.1527 3.13968 3.11154 3.10848 3.03676 3.03229 2.98915 3.74235 3.32998 3.05093 2.97623 2.91288 2.83013 2.83114 2.72156
threshold=17.848245620727543 0.060956995934247978 3.1519632339477544 8.7051830291748065 -0.5548584759235381 20.744026184082035 1.8400000929832461 253.20172119140628 600.97863769531261 0.28483384847640997 0.00030781065288465475 0.042975543066859252 80.026481628417983 0.4063305407762528 48.407203674316413 0.41426822543144232 0.65887606143951427 4.5799252986907968 30.719341278076175 996.60375976562511 450.50000000000006 3102.6599121093755 0.83384457230567943 0.0020834783790633087 0.62099996209144603 18.398761749267582 406.45750427246099 0.15905568003654483 93.551975250244155 368.48507690429693 0.19856225699186328 6667.7917480468759 6263.7326660156259 0.045579427853226669 0.29387266933918005 31581.901367187504 52.470390319824226 640.80795288085949 0.77096018195152294 -0.090958062559366212 0.15006702393293384 86.028091430664077 0.0073000809643417605 235.08831787109378 9840.0000000000018 0.68799999356269848 153.50000000000003 5601.0000000000009 0.047017237171530731 0.048385750502347953 1.0000000180025095e-35 0.10896163061261178 266.33184814453131 25703.000000000004 -0.02860164642333984 14.860999107360842 0.010544848162680866 -0.0085947932675480825 9.4162787718232735e-05 263.54046630859381 -96.299324035644517 -228.16249847412107 9.3335571289062518
decision_type=10 8 10 10 8 10 2 10 2 2 2 2 10 2 8 2 2 10 10 2 8 10 2 2 2 10 2 2 10 8 8 2 2 10 10 2 10 2 2 10 10 10 10 8 2 2 10 10 2 2 8 2 10 8 10 10 8 10 2 10 10 8 10
left_child=1 22 4 -4 7 -2 11 13 -8 10 36 12 23 16 20 30 -3 -14 34 -17 -6 -19 28 24 -7 -13 39 -28 -1 38 41 -18 33 -33 -9 -36 44 -20 54 51 52 -16 50 -29 49 48 -44 -23 -34 -5 -35 -27 59 -39 -12 -56 57 -57 -37 -41 61 -47 -48
right_child=5 2 3 9 14 6 8 18 -10 -11 29 25 17 -15 15 19 31 21 37 -21 -22 47 -24 -25 -26 26 27 43 -30 -31 -32 32 45 42 35 58 -38 53 -40 40 -42 -43 46 -45 -46 60 62 -49 -50 -51 -52 -53 -54 -55 55 56 -58 -59 -60 -61 -62 -63 -64
leaf_value=-0.062908583943598398 -0.0609091847692017 -0.065352356529724043 -0.050829743627427905 0.029258989976015139 0.058197951388459818 -0.051629179165742015 -0.028787173549943385 -0.043267634175674197 0.043066338781607129 -0.060253321739371216 0.056920660804186687 -0.065975257173933474 -0.059754140473968355 -0.046970712721484224 -0.033029776704768435 0.064146290729465413 -0.067145352401188865 -0.024535299820665723 -0.050343718804207988 -0.066798004427816332 -0.064982254308449741 0.058724613866790835 -0.046692412595654043 0.059942454845017069 0.03852066011669561 0.017995517020280922 -0.055730000276379366 0.054955860280760709 0.033631412286536898 -0.068960008885674037 -0.058045136508231059 -0.067693715846123798 0.043369334317933245 -0.060206713076401221 -0.06293182880566757 -0.069133842619438335 -0.048716960291047724 -0.036295810818980694 -0.073110080748329379 0.044138251625851964 -0.049622420961052294 0.056150815189870966 0.051602636318583694 -0.060683526362065081 -0.074521765263620948 -0.088737975057513477 0.019770083904310162 -0.092468469328468583 -0.076250741217404217 -0.076814997445780922 0.0028928536471194803 -0.086076736337894671 -0.073460526083178532 0.055218441254147446 -0.045784332100909424 -0.077655588674242382 -0.076697691218959141 0.034224101177426663 0.052878965131591515 -0.062006132157874795 -0.053825157253060779 0.056754814908413435 -0.055189650072550202
leaf_weight=1.4040514019143291 3.9858379700453943 3.1259477333805981 8.0891685039969143 6.6933449897915107 2.9823268714826554 2.6522998464060974 15.871583710832057 3.7594928628823236 5.0981930491689118 3.2552075490821144 10.096682672679881 1.2756487702426955 6.5811998230055933 7.4759010314301113 5.454325778031488 2.4884743399452414 1.7399549325054966 8.0502075952826981 26.21003104784177 1.2945207620505241 1.4095750472624784 4.0938633377663782 2.4136671625892623 9.6649206679139734 4.0417492536944337 2.4640564208384599 4.1406060987792426 5.1612386836204678 34.717262999969535 1.2082608572673041 42.958351266832324 3.2927952061290879 16.86032275506296 2.6542170571628967 1.2909833306621292 0.55204379290807981 5.8411681174766263 1.9659310595598065 0.90441407595062528 74.583064424339682 1.3147146075498302 1.4861067689780609 6.4990517146652547 0.75960385845974077 1.1572944767831357 0.41416566784027964 4.8067901516624261 0.3769630598835646 0.56942906603217025 0.77876813570037473 7.4027886799303824 1.0122445994056759 0.56181960413232346 1.6775948890135621 1.7239676822209791 0.62115189753238453 0.71877112693618883 32.083126042125528 5.2811112986528315 0.65200076973996957 2.0087618367106153 1.7353184121020633 1.6186323688889386
leaf_count=604 971 2283 1836 291 63 326 2734 687 378 1209 95 353 1858 1186 1897 16 390 742 9091 198 754 50 856 148 207 226 339 33 1877 177 18219 1055 332 1286 301 99 1068 108 115 1620 111 137 84 37 282 39 720 65 46 126 871 144 162 78 214 63 116 1077 143 116 657 96 349
internal_value=0.00103026 -0.00857624 -0.0141625 0.00681814 -0.0238168 0.0181016 0.0202244 -0.0133951 -0.0113181 0.0139833 0.0178919 0.0254168 0.00600315 -0.000848318 -0.0419314 -0.0468889 0.005691 -0.020166 -0.0319375 0.0193379 0.0186634 0.000642047 0.0250828 0.0365606 0.00280171 0.0329058 0.0342973 0.000674743 0.0298789 0.0283169 -0.0519097 0.0101682 0.0129788 -0.00076961 -0.000258509 0.0224379 -0.0162252 -0.0434867 0.0308639 0.0384951 0.0407854 -0.0139342 0.0088193 0.0401201 0.00576816 0.0297117 0.0263892 0.0459766 0.0394614 0.0182036 -0.0137602 -0.0123087 0.0423535 0.00584025 0.0329423 0.026054 0.0297595 0.0320992 0.0413318 0.0432184 -0.0111553 0.0287211 0.000886929
internal_weight=423.063 270.721 232.186 73.1713 159.015 152.342 148.356 100.941 20.9698 65.0822 61.827 127.386 35.4612 60.2041 58.0737 53.6818 52.7282 19.1022 40.7372 3.783 4.3919 12.521 38.535 16.359 6.69405 91.925 90.6493 10.0614 36.1213 47.3564 49.8988 49.6022 47.8623 26.2743 10.8836 7.12414 14.4706 29.8536 46.1481 80.5879 77.1116 6.94043 22.9815 5.92084 8.62941 21.588 12.9245 4.47083 17.4298 7.47211 10.057 3.4763 75.7969 3.64353 45.2437 35.147 33.423 32.7043 5.83316 75.2351 4.15825 2.14948 6.42542
internal_count=61811 51191 47854 6669 41185 10620 9649 19901 3112 4833 3624 6537 3396 9394 21284 20467 8208 2715 10507 214 817 857 3337 681 533 3141 2788 409 2481 1857 20253 5925 5535 4365 1230 543 1767 9277 1680 2379 2009 2034 3310 70 699 1170 1153 115 378 417 2157 370 1898 186 1565 1470 1256 1140 242 1736 792 135 1069
is_linear=0
shrinkage=0.05


Tree=14
num_leaves=64
num_cat=0
split_feature=30 30 1 73 83 68 26 74 17 53 81 83 13 13 41 63 80 32 14 54 74 47 18 3 83 31 28 59 16 41 80 54 1 81 45 79 53 74 28 39 72 73 11 41 35 36 68 67 19 77 41 21 72 28 81 36 48 59 65 30 55 32 32
split_gain=25.3513 18.9926 16.0813 12.3944 10.6145 9.41314 7.92508 7.90433 7.89993 7.83585 7.26937 6.93191 6.92587 9.41678 7.22153 5.76999 5.75856 5.69533 5.51533 5.49731 5.4899 5.30216 5.34161 4.78159 4.78331 4.77502 6.29696 4.7228 8.38094 4.67701 4.65975 4.65067 4.64108 4.3539 4.3267 4.22104 4.0621 3.96689 4.58993 3.99717 3.93063 3.77708 3.8837 3.67155 5.03101 4.28327 3.67428 3.64797 3.56822 3.438 3.48855 3.38826 3.3612 3.33931 3.28336 3.19327 3.18244 3.0983 3.19016 3.08561 2.98701 2.98436 2.97802
threshold=17.848245620727543 0.060956995934247978 3.1519632339477544 -0.5548584759235381 24.11476039886475 0.010755384340882303 266.17065429687506 0.0041979262605309495 664.54122924804699 6149.1398925781259 0.19488357752561572 157.45941162109378 33.068185806274421 47.55131912231446 42187.595703125007 0.41426822543144232 0.017243111506104473 3.7275416851043706 21.013336181640629 7.3466653823852548 -0.0025835362030193205 945.79089355468761 560.87280273437511 0.83384457230567943 212.80793762207034 13.406763553619387 0.12917777895927432 1.0000000180025095e-35 38.643707275390632 47666.167968750007 0.016970929689705375 0.061511376872658736 0.18977984786033633 0.19196135550737384 1011.1296691894532 2.5854611396789555 4154.8107910156259 0.016290833242237571 0.10029586032032968 0.14646916091442111 27.268255233764652 -53.32575607299804 1323.4064941406252 3412.296508789063 0.42300002276897436 -0.30559889972209925 0.032559480518102653 0.13146100938320163 128.52020263671878 25525.500000000004 12154.972167968752 1783.566101074219 25.494280815124515 0.0082816090434789675 0.18904937058687213 1.664407551288605 50.914958953857429 13.162302970886232 0.76338553428649913 5.164994716644288 20.042158126831058 8.2354817390441912 6.3337368965148935
decision_type=10 8 10 8 8 2 10 10 8 8 2 8 10 10 2 2 2 2 10 10 10 10 10 2 10 10 8 8 10 2 2 8 10 2 2 2 8 10 10 10 10 8 8 2 2 2 2 2 10 10 2 10 10 10 2 2 10 8 2 10 10 2 2
left_child=1 23 3 6 -4 11 12 9 18 -7 20 25 16 47 55 27 48 59 -9 -17 40 52 29 24 35 26 -2 28 -5 33 -24 -29 -20 -23 -16 -1 -8 62 39 43 -6 -36 -43 -39 45 -45 -46 -14 56 50 -11 -35 -22 -50 -27 -15 -3 -44 -59 -12 -48 -13 -34
right_child=5 2 4 15 10 7 36 8 -10 49 17 61 13 14 34 19 -18 -19 32 -21 21 22 30 -25 -26 54 -28 31 -30 -31 -32 -33 37 51 41 -37 -38 38 -40 -41 -42 42 57 44 46 -47 60 -49 53 -51 -52 -53 -54 -55 -56 -57 -58 58 -60 -61 -62 -63 -64
leaf_value=0.062520079314093521 -0.052845695265244796 0.055624640838121089 -0.050199721862826986 -0.063203091003535466 -0.0085479266885357379 -0.042432369253927626 0.059122763625444955 -0.055217740270549931 -0.06050702855377791 -0.033395991363687358 -0.075873383696092686 -0.063391173065914394 0.038571306160516572 -0.038580490560316177 -0.068534840230713046 -0.065878518493502083 -0.049791152278849872 -0.064191735946173278 -0.070236168219576012 0.063194811541674542 -0.0031959884747164193 -0.055464407702146695 -0.080664438592389476 -0.045181843828677293 0.034639054728474894 0.044808731781419323 0.041587655626483422 0.054862716471467093 0.048849251863060862 0.033505447424522265 0.054645739658360053 -0.053782816328953258 -0.092607983009036832 -0.075122550742522012 -0.089022029068413513 -0.056274902785837022 -0.054437088927137833 0.061497630662635083 -0.088853627164859866 -0.076788421984470612 0.053205146820670027 -0.070041495599404965 0.060134193292788865 -0.067565397382521319 -0.023704360140645597 0.021208595335021032 -0.075082503388312516 -0.039183062987818318 -0.038191154011220058 -0.066230153267045164 0.032689246223540899 0.02959471433337911 -0.066338169297541716 0.028170202405975248 -0.074967064724693375 0.062186790074549983 -0.046649003893351755 0.024998281063206857 -0.058132876984249009 0.03339539044929226 0.0357812512703784 0.042426710486555004 0.059226299982750932
leaf_weight=1.0207792520523065 12.536156424801451 0.86831524153240636 7.5775731891917522 3.2920904094353309 3.1318765278847449 8.1247119404433743 0.83884209359530182 1.8013957249058865 2.3916345465404438 2.335992968350193 0.78836465405765732 0.74337013837066379 17.863507778325587 16.866102631436664 1.5587369307759242 1.2523621627478854 13.627353442367165 5.0784114887937903 1.0747898791450996 2.4170218100771308 6.5857309442071692 4.6531080642889773 0.67754300963133474 2.3442115660000118 32.815776218893006 3.1504075520788315 2.0546342984016528 1.0070272766170081 3.3841729711275548 6.8460626534651956 10.445209640078245 45.008789209095994 0.3293821929255526 0.94026682199910272 0.77648973249597475 2.7957863676419947 12.861730418109799 9.2508358369814214 0.810397254943381 0.85446255299029772 14.539830210385842 1.0270885247737158 5.5150933067779979 2.4266339330933988 2.8278763507842077 3.0876551009714595 0.61392979920492408 1.6476208953827143 2.4954141891794261 1.154353149147936 13.760890293982809 4.3285079998313449 3.0996050790708978 7.8877843478112482 0.69913921086117614 0.82464729435741801 6.1332461359852459 7.7925099465937819 1.3546717599383553 3.5798647885094397 58.659460995055269 6.427265984704718 16.523967650777195
leaf_count=1 2790 23 2186 1105 300 1263 17 460 287 235 99 200 900 2603 244 177 5957 946 195 37 646 707 62 856 1448 182 108 61 271 366 88 19633 29 119 62 1032 4125 59 175 146 232 107 161 154 457 53 230 275 975 487 570 267 559 923 224 11 2962 368 188 92 1928 188 200
internal_value=0.00104376 -0.00821322 -0.0137143 -0.0227326 0.00578925 0.0173766 -0.0121589 0.0229924 0.0292797 -0.00194607 0.0123472 -0.010258 -0.00654686 0.00407128 -0.011189 -0.0414817 -0.0254557 -0.0281854 0.0314651 0.019142 0.0192777 0.00846888 0.0195369 0.0240472 0.0284774 -0.026479 -0.0395479 -0.0457034 -0.00640418 0.00171543 0.0464033 -0.0514052 0.0330839 -0.0202196 0.011085 -0.024502 -0.0474842 0.0342481 0.0295245 0.0307588 0.0422609 0.0186222 0.0239497 0.0319543 0.0279123 -0.0178575 0.0319765 0.0320053 -0.00637986 0.0171215 0.0230989 0.0109068 -0.0234034 0.0122214 0.0230555 -0.0338833 -0.0339653 0.0305337 0.0126868 0.0136749 0.034633 0.0314567 0.0562588
internal_weight=419.188 267.549 228.573 156.301 72.272 151.639 99.9392 126.028 100.652 25.3759 64.6944 25.611 86.2386 55.2265 35.7153 56.3615 31.0121 9.44664 98.2608 3.66938 55.2477 37.576 27.8907 38.9766 36.6323 18.4403 14.5908 52.6921 6.67626 16.7679 11.1228 46.0158 96.4594 9.92188 18.0246 3.81657 13.7006 95.3846 78.5313 77.7209 17.6717 16.4659 15.6894 76.8664 67.6156 5.51429 62.1013 19.5111 17.3848 17.2512 16.0969 5.26877 9.68534 10.3832 3.84955 17.6907 7.00156 14.6623 9.14718 4.36823 59.2734 7.17064 16.8533
internal_count=61811 51191 47854 41185 6669 10620 19901 6928 4373 2555 4483 3692 15759 4919 3744 21284 10840 1137 4086 214 3346 2814 1609 3337 2481 3304 2898 21070 1376 1459 150 19694 3626 1093 1130 1033 4142 3431 3202 3027 532 886 824 2881 2822 207 2615 1175 4883 1292 805 386 1205 1898 406 2614 2985 717 556 191 2158 388 229
is_linear=0
shrinkage=0.05


Tree=15
num_leaves=64
num_cat=0
split_feature=4 3 22 83 83 42 5 31 55 23 15 83 45 40 10 43 55 57 43 80 43 44 57 42 45 19 37 0 15 44 21 25 59 38 25 6 30 83 41 25 55 81 64 22 58 45 63 41 79 48 33 9 37 37 78 66 77 45 65 76 61 37 75
split_gain=24.2215 22.5061 16.4594 15.3815 8.65623 8.52244 15.8058 12.0971 8.9836 8.36308 7.50733 7.37381 7.34147 9.31564 6.82995 6.35777 6.23996 5.81608 5.78909 5.3857 4.89733 5.00253 6.67031 4.74913 4.57584 4.56215 5.39501 4.41526 4.32148 4.54896 8.44129 4.07086 3.95789 3.89962 3.84664 3.82583 3.80796 3.5401 5.43054 3.43079 3.35499 3.24333 3.21889 3.17377 3.15469 3.14392 3.12909 3.11281 3.10333 3.02763 3.02548 3.01096 2.91034 2.86975 2.85771 2.79433 2.78554 4.01715 2.7347 2.68905 2.57176 2.57107 2.53446
threshold=0.36417113244533544 0.80028903484344494 336.00044250488287 18.590803146362308 241.99752044677737 3415.5065917968755 0.0096386102959513682 9.7764806747436541 19.196617126464847 139.59906768798831 456.47619628906256 33.173213958740241 15079.458496093752 353.82055664062506 165.25418853759768 190414.57812500003 89.581527709960952 2.1340003013610844 52730.443359375007 0.021774622611701492 163688.77343750003 25859.616210937504 1.2422099709510805 2095.279663085938 3366.1687011718755 102.79703903198244 -0.99421021342277516 84.650772094726577 1013.4039611816407 90383.097656250015 3528.3518066406255 36.924259185791023 9.6515145301818865 6.3243837356567392 263.99353027343756 0.56206646561622631 27.439090728759769 352.89355468750006 34094.949218750007 20.633677482604984 14.176067352294924 0.18653830140829089 0.64944660663604747 326.21194458007818 1.2467318773269656 8218.3359375000018 0.00018319843366043645 156961.05468750003 16.574238777160648 42.528352737426765 388.60417175292974 155.80207824707034 1.3415168523788454 1.2910753488540652 69106.500000000015 0.19773318618535998 22779.500000000004 6676.6777343750009 0.0338239073753357 111287.00000000001 0.26364496350288397 -0.55560800433158863 177.50000000000003
decision_type=2 2 8 8 10 2 2 10 10 8 8 8 2 2 10 2 10 10 2 2 2 2 8 2 2 10 2 10 10 2 10 10 8 10 10 2 10 10 2 10 8 2 2 10 10 2 2 2 2 10 10 10 2 2 2 2 10 2 2 10 10 2 2
left_child=1 2 3 9 10 6 7 19 11 31 18 -7 14 15 -8 20 24 -11 23 -5 21 33 46 -4 -10 26 -13 -19 29 30 -27 -1 -32 -14 35 -28 45 52 -39 -37 50 -6 44 -21 -41 -16 -23 56 -22 -26 -31 -15 -3 -51 -48 -52 -46 59 -38 -58 -9 -34 -24
right_child=-2 37 4 5 41 8 12 60 16 17 -12 25 13 51 36 -17 -18 27 -20 43 48 22 62 -25 49 28 34 -29 -30 40 32 -33 61 -35 -36 39 58 38 -40 42 -42 -43 -44 -45 47 -47 54 -49 -50 53 55 -53 -54 -55 -56 -57 57 -59 -60 -61 -62 -63 -64
leaf_value=0.030860366488324423 -0.047511411944625936 -0.052770010921568945 -0.041574767305325742 -0.051733509594947491 -0.074432764652796371 -0.062665374156186393 -0.040692285370812681 -0.065658852359522984 -0.059233238668397074 -0.064440107777825925 -0.057904621751864387 -0.055414473015491177 -0.066110108255030053 0.04394876794533073 0.02593832277765401 -0.065740515978847086 -0.072947438898206346 -0.072753185394600198 -0.058030240124500247 -0.065675935944657107 -0.073858165981462234 -0.063622145074465633 -0.015380175032496616 0.040214017761937587 -0.066840843003203074 -0.035449195595292686 -0.04776161498473299 0.050151682603416008 -0.053496331585387406 -0.079540561833631993 -0.07309898823762799 -0.050645923209993629 -0.06830524489949083 0.026239089602832961 -0.046173378250987052 -0.078816004449688004 -0.078938889574188834 -0.059297504082954339 0.039108012091178895 -0.068435662035441824 -0.06958230291577619 0.053202230170866865 -0.033298671625643886 0.056722030480295206 0.032347782682828043 -0.059664404126417318 -0.079751785001515793 -0.092776106244047585 0.056055168539451895 0.048248090643180717 0.039533058257943302 -0.056968069979999904 0.1001047005401675 -0.093235088071765934 0.0064002813507806336 -0.053494555356737139 0.033813300243100815 -0.062067217534898828 0.04973741105655699 -0.050368004243962275 0.039014804955121309 0.054395461139144868 0.033842936364267134
leaf_weight=1.6773115315008933 24.909885321918409 20.651611966721255 2.5157286459580082 21.875349843729062 0.56801270833238859 3.0692909225908798 2.8899425727431653 0.64357420016312872 1.0690406689245708 1.8266126961389106 17.063308450422483 3.4513473706319919 3.673311802907846 0.82401170954108138 3.5910897257272181 2.569018261274322 1.192631168058141 0.82818083799793374 3.8033468497596905 0.72750443642144036 0.48657986050238733 2.6702161643479529 2.9381171423010484 6.0269003801513463 0.59168198629049484 7.3720366411434979 2.4825288275023913 6.2102309444744606 1.7175579539907619 0.55543943564407428 0.74420953186927086 17.676676620088983 0.45253820437937964 1.6595972668146712 2.9514560876996248 0.93412468989845265 0.41981779452180745 2.5823193290561894 3.0672501667286269 0.95062510261777688 0.75823887405567703 4.0223895969393197 2.8569747722358434 1.9471456230385227 31.019650839618407 1.529399458755506 1.0772488201037038 0.56532460276503016 8.3166231953364314 42.199782380979741 44.892468266771175 7.1747069954872131 0.31608942896127601 0.36147483089007337 9.0410296243499015 0.8220054880657689 5.3968537296168488 1.9923491291265234 25.083329318324104 1.1509686780336776 6.6527707951900084 7.5455043097026655 23.786004890134791
leaf_count=149 8266 6062 429 6651 232 1765 249 218 279 1573 7335 330 877 17 157 490 244 190 1713 123 53 931 139 224 201 2676 428 375 376 95 154 6214 61 250 1189 120 92 129 53 200 80 248 370 16 1077 193 44 19 174 1605 1542 800 5 26 830 183 349 834 222 226 494 105 1101
internal_value=0.000273267 0.00336091 0.00665096 0.0101149 -0.026449 0.0134702 0.00384665 -0.0267447 0.0209328 -0.0251602 -0.0364163 0.0138501 0.0138152 0.00391518 0.0327849 0.0110985 0.0399098 0.0150585 -0.0067175 -0.0435447 0.014778 0.00808488 0.0142199 0.0161279 0.0429534 0.0158301 0.00505849 0.03569 0.024757 0.0268856 0.00395902 -0.0435822 0.0371906 -0.0373711 0.00920779 0.0126599 0.0397189 -0.0410003 -0.00587143 0.0160031 0.0347414 0.0374088 0.0180192 0.0234298 0.0215885 0.000370304 -0.0154774 0.0237213 0.0488745 0.0454849 0.036451 -0.0465718 -0.0504654 0.0470465 -0.00277195 0.0378603 0.0253861 9.99832e-05 0.0476192 0.019016 0.0297821 0.0474529 0.0284312
internal_weight=410.418 385.508 358.891 324.892 33.9997 296.672 129.576 31.8463 167.096 28.219 29.4093 121.681 97.73 64.2165 33.5136 56.2177 45.4146 8.86502 12.346 24.55 53.6487 44.8455 39.5126 8.54263 44.222 118.612 53.7522 7.03841 64.86 63.1424 16.1143 19.354 8.74225 5.33291 50.3009 47.3494 30.6236 26.6173 5.64957 44.8669 47.0282 4.5904 43.9327 2.67465 41.0758 5.12049 12.7885 40.1251 8.8032 43.1529 46.2699 7.99872 20.9677 42.5613 10.1183 45.7145 39.5598 8.54017 25.5031 6.54782 7.29634 7.99804 26.7241
internal_count=61852 53586 47337 37156 10181 28655 14121 7502 14534 8501 9701 12179 6619 5706 913 4889 2355 2138 2366 6790 4399 4172 3045 653 2111 10414 5142 565 5272 4896 2996 6363 320 1127 4812 3623 664 6249 182 3195 1900 480 3075 139 2705 350 1805 2505 227 1832 1820 817 6067 1631 874 1725 2486 1409 314 575 712 166 1240
is_linear=0
shrinkage=0.05


Tree=16
num_leaves=64
num_cat=0
split_feature=4 65 9 83 42 68 54 74 62 11 31 83 46 25 42 83 42 31 40 36 67 68 1 65 42 83 67 35 1 17 54 45 14 37 12 13 41 75 76 74 41 13 33 67 68 45 45 48 17 54 76 41 41 72 24 28 14 77 59 43 75 43 68
split_gain=22.4541 19.748 14.3107 14.0523 9.60527 12.1381 9.60067 8.65265 8.368 7.89414 7.08816 6.74097 7.69916 6.69353 6.61465 6.28757 6.23193 6.58318 7.60962 6.15583 5.95531 5.75426 5.16526 4.82662 6.1488 4.59221 4.26732 4.10196 4.08607 4.00029 3.94727 3.92347 3.90395 4.29106 3.67946 3.66226 3.54791 4.1178 3.48847 3.2854 3.26609 3.23452 4.0609 3.25675 3.21009 3.19974 3.19538 3.10503 3.09617 2.96454 2.9311 2.89655 6.76247 4.27229 7.52864 4.24672 3.51973 3.15643 2.87273 2.83417 2.82334 2.53507 2.5261
threshold=0.36417113244533544 0.73004963994026195 270.11735534667974 18.590803146362308 3415.5065917968755 0.087810363620519652 19.386114120483402 0.15465898811817172 0.022499052807688717 1375.4922485351565 0.11839496716856958 25.272146224975589 73.971687316894545 36.924259185791023 996.60375976562511 201.80796051025393 31455.434570312504 0.028038349933922294 70.575576782226577 -0.8949390947818755 7.2811390054994271e-06 0.0011499229003675284 0.85443922877311718 0.42565409839153295 6654.6271972656259 27.150320053100589 7.2811390054994271e-06 0.8349999487400056 0.81555259227752697 555.00735473632824 88.784816741943374 550196.25000000012 22.547196388244632 -0.40872307121753687 139.745964050293 120.03586578369142 116421.81250000001 1557.5000000000002 13.500000000000002 0.003340623690746725 80657.421875000015 47.55131912231446 5546.5778808593759 0.11980590969324113 0.061377389356493957 6059.2910156250009 4523.3728027343759 1139.962829589844 550.22933959960949 50.521150588989265 322085.00000000006 39269.632812500007 27046.229492187504 42.858947753906257 117.61539840698244 0.00505689810961485 25.638504981994632 59607.000000000007 23.634914398193363 18445.232421875004 6.0000000000000009 10239.324218750002 0.020486690104007724
decision_type=2 2 8 8 2 2 10 8 2 8 10 10 10 10 2 8 2 10 2 2 2 2 10 2 2 10 2 2 10 10 8 2 10 2 8 10 2 2 10 10 2 10 8 2 2 2 2 10 10 10 8 2 2 10 10 10 10 10 10 2 2 2 2
left_child=1 2 3 7 5 11 16 13 15 58 -7 -5 14 -1 -13 -4 17 18 23 -18 31 -22 -9 24 -6 -19 -27 59 -23 45 46 -14 -30 38 -16 -31 37 -26 -34 -20 -25 43 -43 60 48 -12 -8 -39 -40 -24 -48 52 53 56 -55 -53 -47 61 -10 -21 -28 -58 -17
right_child=-2 -3 8 4 6 10 30 22 9 -11 29 12 20 -15 34 62 19 25 39 27 21 28 49 40 36 26 41 -29 32 35 -32 -33 33 -35 -36 -37 -38 47 44 -41 -42 42 -44 -45 -46 51 50 -49 -50 -51 -52 55 -54 54 -56 -57 57 -59 -60 -61 -62 -63 -64
leaf_value=0.03751444117029773 -0.046022037042219306 -0.050834690206800384 -0.049061546780735155 -0.053325559363888768 -0.04891968819032097 -0.051025874854845582 -0.055322081458201493 -0.064892950829243748 0.051759376190463426 -0.057317891341483941 -0.06184173117902645 -0.070739367807506115 -0.05730961604214372 -0.052256850726930128 -0.07165502608801326 0.0083556924084908467 -0.067128355892072694 -0.064801388229932672 -0.060186394683126046 -0.067392461637218501 -0.054303327785930458 -0.061410086979495959 -0.067984173165700462 -0.044150051643051032 0.040064656158154445 -0.025725322351261792 -0.081594739635944727 -0.066564515230154303 0.040590126114185159 -0.065361794266298595 -0.072543988598694834 0.041879698684534478 -0.067658191509772161 -0.064191250068320146 0.045684450634065149 0.057115227595983344 -0.096170697955515957 0.0093593941253753352 0.031515681595843552 0.038547476682763315 0.027504716136546887 -0.072916733442710657 0.019448809863438967 -0.068037095713760126 -0.027449467998476293 -0.035604812739905727 0.047098533192462794 -0.076344988151069881 -0.054013408552252708 0.050486430900591323 -0.076179121285479504 -0.053271833794618709 -0.039180809417203935 0.038051019968712498 -0.083919806276441661 0.056932538489287837 -0.084721884549879264 -0.075611763584635755 -0.057870450972517778 0.038172125285697203 0.046691384974870714 0.046596926095348351 -0.05455014881902609
leaf_weight=2.3500504682306227 24.492501032204018 16.105573682667455 21.952953385742148 8.6339520317851548 3.6352441219496567 3.3741846759803584 0.80086053174454619 1.4517694234091347 7.2245137949357714 2.6327369484934033 0.99110897036734869 1.5484673411992833 10.123914262963806 17.835048576132976 0.70898127090185603 9.0529597689164785 1.5729319620877493 1.4852669213141769 7.5091777346387953 0.64680906341527489 5.2062867516651741 2.3023280476336394 0.58124738311744284 7.3245299585105368 15.376410505443351 3.7625005503359708 0.43738127499819413 0.99297131272032757 6.8789093497325693 2.2235240913578305 0.74582581158028816 1.1058668323094014 1.4974529705941773 2.507215367048043 11.584086197894067 0.84128107549622644 0.64022078417474304 10.921866083139319 11.897004326339813 0.94903347388026293 2.0313362489105202 1.3565884889103452 9.6897597539937106 0.66541461989981954 3.9668019101954988 1.5544292884587836 38.773731490917271 1.1700302542885754 1.1614219942130137 5.7698263292259071 0.48824305122252454 0.94181593976099875 4.0638192434562361 3.0815780220436855 2.1463557278038934 12.170678593451155 0.37318762607174605 0.55847398657351632 0.65143561869626854 37.397298945666989 22.087609277368756 24.179078689368907 1.9374605884368055
leaf_count=147 8266 3787 7001 2426 701 1086 169 531 186 1550 99 200 4012 7739 113 1329 195 556 4237 128 1307 473 270 1265 378 1021 25 155 234 359 148 48 150 873 391 13 29 1351 462 116 72 76 377 268 278 230 1012 252 101 162 215 224 372 58 361 149 37 251 211 2212 789 310 309
internal_value=0.000393365 0.00335672 0.00573149 0.00934428 0.0125454 0.00205488 0.0202765 -0.0245202 -0.0212132 0.0176363 0.0192459 -0.0119967 -0.00609756 -0.0418052 0.0266497 -0.0336059 0.0136192 0.00621619 -0.00591901 0.0298512 -0.0158146 -0.00575485 0.0201943 0.00296923 0.0122714 0.0214473 0.0248185 0.0337589 0.00261151 0.0237091 0.041427 -0.0475418 0.00789295 -0.00280234 0.0389171 -0.0317422 0.0201852 0.0228972 0.00550721 -0.0491082 -0.0285924 0.0303731 0.00810551 0.0409799 0.0119425 0.0271039 0.0435488 0.00106651 0.0239087 0.0396441 0.0455655 0.0289005 0.0215645 0.0293047 -0.0120247 0.049017 0.0374076 0.0419273 0.0426917 0.0363774 0.0442004 0.0446009 -0.00273375
internal_weight=408.121 383.629 367.523 324.071 296.083 125.622 170.461 27.9879 43.4521 10.5087 56.4995 69.1227 60.4887 20.1851 13.8415 32.9434 129.652 89.0424 49.5578 40.61 46.6472 35.4174 7.80284 41.0996 31.7438 39.4845 37.9993 39.0371 30.2111 53.1253 40.8087 11.2298 27.9088 21.0299 12.2931 3.06481 28.1085 27.4683 18.5227 8.45821 9.35587 34.2368 11.0463 23.1904 17.0252 50.0605 40.0628 12.0919 13.0584 6.35107 39.262 49.0694 35.9569 31.8931 5.22793 13.1125 26.6652 25.1107 7.87595 38.0441 22.525 24.5523 10.9904
internal_count=61852 53586 49799 39213 30364 14617 15747 8849 10586 1947 3549 11068 8642 7886 704 8639 14203 11513 8401 2690 7938 3878 963 4048 2711 3112 2556 2495 2571 2463 1544 4060 2098 1864 504 372 2010 1981 991 4353 1337 1535 453 1082 841 2091 1396 1603 563 432 1227 1992 1619 1247 419 373 828 598 397 2340 814 347 1638
is_linear=0
shrinkage=0.05


Tree=17
num_leaves=64
num_cat=0
split_feature=9 66 3 42 5 46 57 12 51 62 78 43 71 16 72 28 14 20 20 70 33 77 80 47 25 47 31 34 37 51 37 36 27 72 79 74 78 28 30 12 74 63 63 45 20 52 72 54 17 30 37 31 61 18 33 19 72 30 18 40 72 65 19
split_gain=21.147 18.4936 11.4058 13.1126 17.0222 11.5091 8.58454 6.22361 6.18689 5.99408 5.76201 5.52912 5.47851 5.10991 4.95743 4.69486 4.58287 4.4887 5.63108 5.9878 5.22063 4.56235 4.32078 4.26476 7.49506 5.30807 4.55763 4.23488 5.85745 5.81439 5.59988 4.07109 3.99942 3.92882 3.8859 4.66297 5.02518 4.24621 3.97409 3.75847 3.73051 4.65322 4.07797 3.69752 3.64318 3.63847 3.48528 3.38746 3.33532 3.21437 3.03893 3.25493 2.98937 2.87037 2.85467 2.84411 2.78487 2.61823 2.7057 2.64443 2.60299 2.56725 2.92693
threshold=268.60209655761724 0.3356949537992478 0.75034627318382274 5300.4763183593759 0.027579868212342266 50.166406631469734 2.1340003013610844 125.66109848022462 4.724942922592164 0.002149534760974348 33182.000000000007 190414.57812500003 0.44316427409648901 7.612072467803956 280.06250000000006 0.10029586032032968 44.705564498901374 49.21093940734864 67.447235107421889 0.56500315666198742 6189.7082519531259 2238.0000000000005 0.01818263623863459 122.63581848144533 242.62639617919925 46.974012374877937 0.015596986748278143 -1.0000000180025095e-35 -0.10466110706329344 6.5137798786163339 1.2297551035881045 -0.76734319329261769 2.348020195960999 -56.805025100708001 16.674743652343754 0.00018269446445629003 69634.500000000015 0.022232739254832271 0.03175152279436589 200.41943359375003 0.10978260636329652 0.00026866421103477483 0.0042392036411911258 7262.7778320312509 73.712005615234389 8240.9038085937518 -274.99246215820307 336.24899291992193 432.88406372070318 0.15869837254285815 -1.1082703471183775 0.24093381315469745 0.30718721449375158 203.54519653320315 7204.2958984375009 125.26101684570314 -113.60263061523436 76.163753509521499 14.717816829681398 336.97503662109381 66.098274230957045 0.34130045771598821 97.177349090576186
decision_type=8 2 2 2 2 10 10 8 10 2 2 2 2 10 10 10 10 10 10 2 10 10 2 10 10 10 10 2 2 10 2 2 10 10 2 10 2 10 8 10 10 2 2 2 10 8 10 8 10 8 2 8 10 8 10 8 10 10 8 2 8 2 10
left_child=1 2 3 4 5 7 34 -1 40 -8 33 12 -6 -5 17 23 -9 22 48 -20 21 -21 -15 25 26 -14 -25 28 29 -28 -30 -23 -10 -4 35 38 37 -37 60 -34 -7 -42 -43 -26 -22 -13 -46 56 -19 -36 -31 -52 -38 -11 -50 -27 -29 58 -53 -60 -2 -58 -63
right_child=6 -3 10 13 11 8 9 16 32 53 -12 45 15 14 -16 -17 -18 18 19 20 44 31 -24 24 43 55 27 47 30 50 -32 -33 39 -35 49 36 52 -39 -40 -41 41 42 -44 -45 46 -47 -48 -49 54 -51 51 57 -54 -55 -56 -57 61 -59 59 -61 -62 62 -64
leaf_value=-0.062860836272410153 0.012723379923074646 -0.052415233945225292 0.040059109811122123 -0.041288659128812986 -0.055722771535749206 -0.055899385643607906 -0.037448693790137905 0.052279604542811747 -0.05088454132701984 0.046925276824094531 -0.04960223510840428 -0.064449765321263133 -0.058075375489178883 0.016731653187220606 -0.054503946584470865 -0.07244673728830639 -0.068113258884513347 0.045466097854616402 -0.041722838720974292 -0.060830672013016923 -0.014707107312827556 0.065096839500800197 -0.065061582597279788 -0.038598847235321448 0.036495855157430028 0.04185379312448978 -0.050002650541381255 -0.080295092074210261 0.048576713639839009 -0.081713359632191521 -0.072888351499246148 -0.032979716009228388 0.023716438414729944 -0.037370289713493265 0.04859082196582773 -0.048831676619065026 0.010030739923374023 0.053605114415513348 -0.052214165934976353 -0.034133544158901796 -0.061876044397322173 0.044690231056216841 -0.065371447110560491 -0.044397781035384436 -0.088042820835434396 0.053576725341468893 0.033648038893042249 -0.081631914239524941 -0.081314688499785265 -0.023810919530949839 -0.072195893735717956 -0.07992431477304085 -0.057658220679339046 -0.065443358287030393 0.019748290514414887 -0.068598729200586198 0.036511245521127417 -0.043637188146384516 0.050760686856839765 -0.043981805040352276 -0.084153116782248294 0.02955406618065913 -0.074830941155667838
leaf_weight=1.6994809280731686 4.0410888719488858 13.180745031888362 3.9344620704650879 3.0222460729128207 2.7109521864331318 21.829833662122841 3.8462929594679727 8.5244343683007155 4.0792122961720478 7.4700171044678401 12.414376038446788 3.563181379257002 1.4749686027644227 4.4293129440629846 1.9515694328583766 1.4740347870101675 0.87124231908819716 43.365766143018845 3.8722855782834804 3.2770582999510216 4.548815755522809 2.1909995595924556 2.5408070449484512 3.4984587311919304 1.7216869922704043 25.966210872255036 6.4908456452540113 0.54818750999402155 8.9055916262441368 0.85514871310442586 1.0620512187015254 2.0462769280420616 9.0629953726893273 2.8071874203160432 2.4750695758848442 1.3736813776195029 2.3483033837401308 3.8385614887811244 33.379713396294392 4.0678541854431378 3.1576042893866534 3.381333694444038 1.1205049931304527 7.8687554531934438 0.5958343829261058 0.79949422366917122 47.059504212258624 0.67046209704130788 0.86916580717661318 4.0275131223897915 0.95005541644058844 0.48825471661984643 5.340793319279328 0.6151094165688854 3.5633771927678026 0.59620282263494928 38.337889113347046 1.2272550584748394 7.3371932152658701 0.81869675405323494 0.83700528266490426 1.6361952754668885 1.1390461514238266
leaf_count=475 481 6074 37 857 1697 10597 687 285 892 161 3805 1043 257 318 307 347 189 1057 1082 345 1284 15 459 878 80 529 2028 78 435 29 128 404 419 124 220 92 399 47 10996 432 1730 225 364 1752 60 9 2221 59 233 913 97 60 1908 273 257 245 820 34 90 26 222 55 130
internal_value=0.000398745 0.00562875 0.0080164 0.0103951 0.00171061 -0.0205865 -0.0246721 0.0251894 -0.0314623 0.0139329 -0.0293942 0.0124368 0.014519 0.0229245 0.0245376 0.0162031 0.0411158 0.0258408 0.0282766 0.01853 0.0224369 -0.016529 -0.0130843 0.0173741 0.011712 0.0342481 0.0171043 0.0198697 0.00483462 -0.0120639 0.0356346 0.0177334 -0.00763955 0.00781791 -0.0326602 -0.0372878 -0.0112933 0.026608 -0.0460537 0.00579488 -0.0453653 -0.0153427 0.0172959 -0.0298757 0.0280457 -0.0428205 0.0321265 0.0298626 0.0412434 0.00374726 0.00902563 0.0161961 -0.0369855 0.0383764 -6.88857e-05 0.0393746 0.0316569 0.0247033 0.0344059 0.0412503 -0.00389912 0.0331496 -0.0132888
internal_weight=403.198 333.605 320.424 301.268 177.935 57.7945 69.5931 11.0952 46.6993 11.9314 19.156 120.141 115.778 123.333 120.311 113.067 9.39568 118.359 111.389 63.5908 59.7185 7.51433 6.97012 111.593 83.5558 28.0374 73.9653 70.4669 28.1351 18.1674 9.96764 4.23728 17.2101 6.74165 57.6617 51.1591 12.9013 5.21224 38.2578 13.1308 29.4893 7.65944 4.50184 9.59044 52.2042 4.36268 47.6553 42.3318 47.7983 6.50258 11.6766 10.8215 7.6891 8.08513 4.43254 26.5624 41.6613 9.8714 8.64414 8.15589 4.87809 41.1131 2.77524
internal_count=61852 45453 39379 35413 26514 15608 16399 949 14659 1121 3966 10906 9854 8899 8042 8157 474 7735 6958 5411 4329 764 777 7810 6779 1031 4947 4069 2927 2364 563 419 1743 161 15278 14145 2446 139 11699 851 12916 2319 589 1832 3565 1052 2281 1142 1547 1133 336 307 2307 434 490 774 1083 210 176 116 703 1005 185
is_linear=0
shrinkage=0.05


Tree=18
num_leaves=64
num_cat=0
split_feature=4 3 9 83 42 5 56 74 54 11 63 43 55 83 83 78 17 5 21 2 84 13 15 20 0 75 52 75 42 47 55 34 30 83 72 68 56 72 41 76 72 42 19 78 39 70 8 72 19 72 20 55 19 13 35 75 28 9 32 36 52 47 41
split_gain=19.1605 19.3055 11.5863 12.0116 8.65576 12.8627 11.1394 7.78471 7.50319 6.76384 6.44074 5.62715 5.4829 5.30374 5.26718 9.85265 5.08936 4.83805 5.36273 4.92803 4.43877 4.40179 6.74689 4.52507 4.52528 6.36047 4.47669 4.2168 4.18249 4.0673 4.79261 3.99878 3.86994 3.83279 3.79776 3.72615 3.71438 3.61481 3.96404 3.2679 3.07503 3.03632 2.9769 2.96285 2.83824 2.93131 2.76027 2.69949 3.12052 2.67257 2.64984 2.64287 2.58373 2.54071 2.52437 2.51838 2.50201 2.46968 2.45176 2.61474 2.43322 2.34767 2.28014
threshold=0.36417113244533544 0.80028903484344494 270.11735534667974 18.590803146362308 3415.5065917968755 0.0096386102959513682 6.8276875019073495 0.14297912269830707 19.386114120483402 1122.799987792969 0.0064415109809488067 190414.57812500003 0.43388140201568609 201.80796051025393 209.32889556884768 370798.50000000006 623.96609497070324 1.0000000180025095e-35 3851.110961914063 0.0008695527503732593 450.33488464355474 86.000789642333999 762.46154785156261 47.340093612670906 73.335784912109389 49.500000000000007 6922.5515136718759 5283.0000000000009 1358.300720214844 349.70771789550787 182.53004455566409 -1.0000000180025095e-35 1093.1396484375002 19.568951606750492 29.077400207519535 0.13478477299213412 5.3567099571228036 -59.386125564575188 39666.851562500007 99508.500000000015 -361.65356445312494 2286.635864257813 98.751682281494155 363913.00000000006 0.14646916091442111 1.9200000166893008 240.51573181152347 204.4020919799805 115.98365020751955 3.8270355463027959 90.324729919433608 8.5023007392883319 122.00002288818361 130.69091796875003 0.49600000679492956 12.000000000000002 0.17727639526128772 132.9297790527344 6.0019156932830819 1.2743821740150454 5398.5729980468759 328.34509277343756 23862.978515625004
decision_type=2 2 8 8 2 2 10 8 10 8 2 2 10 10 10 2 10 2 8 2 2 10 10 10 10 2 10 2 2 10 10 2 10 8 8 2 8 8 2 10 10 2 10 2 8 2 10 10 10 8 10 8 8 10 2 2 10 10 2 2 10 10 2
left_child=1 2 3 7 5 6 56 12 14 10 -4 21 -1 32 15 17 20 18 43 35 40 22 23 -7 25 -25 52 -8 -9 30 -26 33 -11 -31 -21 58 44 38 -3 -18 -16 -30 -33 -6 45 53 -12 -42 -49 62 -17 -27 -23 -10 -32 -40 -5 -47 60 -60 -19 -29 -35
right_child=-2 37 9 4 8 11 27 28 36 13 46 -13 -14 -15 16 50 39 19 -20 34 -22 26 -24 24 29 51 -28 61 41 31 54 42 -34 49 -36 -37 -38 -39 55 -41 47 -43 -44 -45 -46 57 -48 48 -50 -51 -52 -53 -54 -55 -56 -57 -58 -59 59 -61 -62 -63 -64
leaf_value=0.041606371735500067 -0.043653179687971243 -0.046166902782710184 -0.033813165270407411 -0.051050263045750666 -0.057415391707145741 -0.048751194922288722 -0.043388444494381694 -0.061222090508630513 0.047217816010774329 -0.051839204039475464 -0.05242303660278335 -0.061836260316617819 -0.049007580492784017 0.0041653954857681572 -0.086873314752627967 -0.051924505048834085 -0.019058766004217499 -0.081778919055320975 0.031248595988292101 -0.084079873988285536 -0.042595610102177217 0.044319062313067023 -0.050193323293649728 -0.088674092879899594 -0.044514014879177131 -0.081937011601501103 -0.045395813002914384 0.051739032318521783 0.04816192520800245 0.054588025243629081 -0.094716051810115331 -0.026779981063660821 0.037638448312029699 -0.053940890938816245 0.019100389831981562 -0.033132213993283116 -0.07392610653333552 -0.050697312235940532 0.057565036103962353 0.049739911747946813 0.035622969755271766 -0.064083530716558229 0.031602534984217077 0.044423724791393913 -0.079491621457750974 0.049818766649275474 0.048374582093161679 -0.090517038372206329 0.071191061396460351 -0.048919431891525055 0.059946983617272215 0.050460350801379394 -0.041923695493385926 -0.054473968524774569 0.05700294709937305 -0.04330137523572939 0.024310133345589121 -0.055608806454953585 0.04195672543104452 -0.04903399300081708 0.014993297548790571 -0.056086607384171129 0.017721912290955735
leaf_weight=1.8519589647767158 23.179999537358526 3.2797701547970064 4.9665242354967614 19.204694858111914 5.8475978324422586 2.9626615797169498 1.8692285703145879 1.3266393072699454 36.596772413613508 18.965296467766173 0.75029368605464686 2.5509815731493282 16.935002694284776 7.0685077216039636 0.53359048557467659 8.5725144606549257 9.5643026977195387 0.73719643941149371 3.5302579405251899 1.8829660569317628 2.0417458638548842 18.454212737211499 4.7379713964473913 0.92330049653537472 6.7796872375474759 0.38762842887080928 1.6558031460444897 5.7033170440990943 5.7185282149584964 2.0346607665996972 0.31500800326466594 2.4196798671036985 1.2906492635665916 1.4433214859163941 1.6942438032710927 2.4122290168888858 0.7200944320356929 18.379971447429856 2.4179944763891403 2.1061108701978801 50.664709060656605 0.6734413868834962 22.362352648284286 0.81356687960214902 0.48562580649740894 0.93754990142770056 7.1668027678679209 0.8899716039886687 0.44876931491307914 4.640241653454714 0.56415857322281304 13.652952390344581 0.91133037078543466 0.6247040691669089 2.1145875177462585 0.83167121352744278 1.168402560695539 1.3631014213897286 22.832178560318429 0.81782189360819657 5.4641331166494638 0.55383657148922782 4.8059718312579207
leaf_count=235 8266 549 1820 6558 899 329 253 412 881 6616 229 560 7531 1006 43 6723 667 58 257 135 82 335 946 23 994 104 392 302 289 61 10 151 26 307 70 233 150 5488 15 106 2378 331 623 23 81 20 236 133 11 1119 2 214 84 124 45 197 206 269 482 103 228 364 468
internal_value=0.000463886 0.00318785 0.00621046 0.00948278 0.0124891 0.00240795 -0.0269858 -0.0227066 0.0200527 -0.0190434 0.0108218 0.0114008 -0.0400751 -0.0331251 0.0138233 0.00241133 0.0233266 0.0118251 -0.018573 0.0204688 0.0297349 0.0134629 0.00740524 0.0116139 0.0145041 0.0384458 0.0335136 0.0225092 0.0195682 0.00686778 -0.0229214 0.0141434 -0.046138 -0.00840384 -0.0352115 0.0266424 0.0386237 -0.0393447 -0.00738768 -0.00664296 0.0325459 0.036336 0.0259022 -0.0449772 0.0406495 0.0421257 0.0388221 0.0337712 -0.0363097 -0.0201736 -0.0450168 0.0468052 0.0402605 0.0455111 0.0373319 0.0317508 -0.0467283 -0.0126455 0.0314727 0.0388102 0.00348929 0.0421951 0.00117085
internal_weight=398.601 375.421 350.511 310.303 283.798 121.652 28.4995 26.5056 162.146 40.2081 12.8836 93.1524 18.787 27.3245 121.418 55.1689 66.2492 46.0322 10.1914 35.8408 54.5788 90.6014 69.58 64.8421 61.8794 14.9639 21.0213 8.12638 7.71861 46.9155 9.20928 37.7062 20.2559 12.9242 3.57721 32.2636 40.7278 24.9094 6.52944 11.6704 52.537 6.39197 24.782 6.66116 40.0078 39.5221 7.9171 52.0034 1.33874 10.8895 9.13667 14.0406 19.3655 37.2215 2.4296 3.24967 20.3731 2.30065 29.8513 23.65 6.20133 6.25715 6.24929
internal_count=61852 53586 47337 37404 28606 14448 7683 8798 14158 9933 2285 6765 7766 7648 12633 9213 3420 2488 1179 1309 2647 6205 5394 4448 4119 341 811 919 1032 3778 1049 2729 6642 1955 205 1104 1525 6249 761 773 2565 620 774 922 1375 1294 465 2522 144 1894 6725 318 419 1005 55 212 6764 289 871 585 286 666 775
is_linear=0
shrinkage=0.05


Tree=19
num_leaves=64
num_cat=0
split_feature=4 3 1 8 30 31 17 61 22 66 16 11 53 22 60 76 76 67 6 73 24 42 48 69 42 47 60 44 59 0 50 29 55 65 72 75 4 76 3 19 29 19 64 50 42 37 37 59 16 37 42 72 72 76 37 57 76 72 29 21 10 29 24
split_gain=17.4998 17.7591 10.1197 15.3308 8.79419 15.0858 8.05313 7.44498 5.74478 5.81232 5.03886 5.36335 5.3636 5.20097 5.10585 4.68714 5.53429 4.51625 4.40181 4.12033 4.0439 4.2845 4.02849 5.52605 4.86158 4.66442 4.52901 4.93312 3.76323 3.66791 3.56918 3.58756 3.48336 3.40912 3.38783 3.72083 3.36603 3.33758 3.32012 3.22829 4.24981 3.15845 3.10062 2.72332 2.69589 2.68384 2.6838 2.66241 2.83876 2.66155 2.66021 2.59735 2.52441 2.46124 2.38714 2.44186 3.53203 2.36595 2.34876 2.2711 2.23383 6.65074 3.05026
threshold=0.36417113244533544 0.80028903484344494 5.5422041416168222 169.52309417724612 0.17572622001171115 0.13199858367443087 453.54386901855474 0.25487850606441503 336.00044250488287 0.20104397088289264 7.0576403141021737 623.74407958984386 5640.7897949218759 223.91729736328128 0.088492646813392653 9247.0000000000018 243.50000000000003 0.44430416822433477 0.38991226255893713 -0.50413411855697621 102.13157653808595 30145.169921875004 76.600688934326186 0.0050896774046123036 1150.3547973632815 24.816015243530277 0.0075097654480487117 174136.49218750003 57.622514724731452 187.24633789062503 0.62197130918502819 0.32358288764953619 0.77469152212142955 0.52190348505973827 -59.386125564575188 12.000000000000002 0.0076482114382088193 29252.500000000004 0.98596474528312694 121.92856979370119 0.14291310310363772 127.50001907348634 0.048180088400840766 0.90913933515548717 1333.338562011719 1.2523739933967593 -0.54421725869178761 7.8337438106536874 128.51578521728518 -0.4127937108278274 1550.798034667969 -14.668333530426024 3.1316835880279545 79.000000000000014 -1.1082703471183775 1.2422099709510805 9247.0000000000018 -274.99246215820307 0.032334942370653159 260.37164306640631 217.05892181396487 0.44467836618423467 127.69190597534181
decision_type=2 2 10 10 10 10 10 10 10 2 10 10 10 10 10 10 8 2 2 8 10 2 10 2 2 10 10 2 10 10 10 10 8 2 8 2 2 10 2 10 10 10 2 8 2 2 2 8 10 2 2 10 10 10 2 10 8 10 10 10 10 8 8
left_child=1 2 3 17 33 7 8 20 18 -10 -4 14 13 32 15 16 58 45 -7 59 -6 43 24 -24 -20 -26 27 -25 -9 51 31 -28 -13 57 35 38 47 54 -3 60 46 -30 -8 -22 -15 -1 -41 -34 -49 -17 -44 -23 -47 -45 -27 56 -56 -5 -12 -14 -32 -62 -63
right_child=-2 34 10 4 5 6 42 28 9 -11 11 12 19 44 -16 49 -18 -19 22 -21 21 29 23 26 25 37 30 -29 41 -31 39 -33 36 -35 -36 -37 -38 -39 -40 40 -42 -43 50 53 -46 52 -48 48 -50 -51 -52 -53 -54 -55 55 -57 -58 -59 -60 -61 61 62 -64
leaf_value=-0.051694387954519444 -0.041869391183438215 0.051479192449812389 -0.040020555377088179 -0.080248678549537433 0.035959106065831373 -0.062852447586257618 -0.058075855112436937 -0.047066217969052776 -0.039189480070420488 0.047263007271230097 -0.073602001198121034 -0.06403763902401266 -0.076861911957062837 -0.0062234281065269813 0.053775466320908953 0.043811090944320924 -0.082297914659379218 0.040806762352718441 -0.034013580158719151 -0.073951764080871854 -0.055830934789459302 0.020503854577730931 -0.061431821844471428 -0.052490982988721152 -0.059324552019360322 -0.076163475176701467 -0.070135481846115164 0.041985972500663854 -0.039597077009507382 0.0417386680332755 0.037502556852335021 0.033874755315611384 -0.063953123813387663 -0.056641237421255375 -0.049411932635416281 -0.051359716037863767 0.040606449675727921 -0.075607295364183633 -0.062168039589856942 0.042253883512822492 -0.072729665955627229 0.037123484162360429 -0.051723874494352909 0.023217241645832363 -0.072795774016837442 -0.05758550869376803 -0.074978244861306442 0.031778714806715874 -0.021950613830537955 -0.084092549294181626 0.0035590675414075091 -0.060947394879850451 0.015209145678430028 -0.041379506816016015 -0.049582617545831764 0.052707498865517836 0.047766769799080865 0.028802074390058538 0.049115103142770344 0.028299401173298912 -0.0402476174389984 0.053579916042112943 -0.076278448655738004
leaf_weight=17.943552459299106 22.864227723199292 2.8456540298648183 3.4768818508018731 0.50346945243654673 5.4870292388368425 1.6043435420433514 4.4559917868318761 24.389693942750458 8.3855203921557386 2.5309724319376974 0.48326486395671819 1.5529252140550003 0.52009366173297067 2.6526397600537157 19.804688973235898 7.4457105227047578 2.2791036458220333 1.748172977415378 2.4257525739958501 1.0377449515799515 5.966898422979285 1.8503526188433173 2.4247516801697193 4.4861896080255965 1.1523782461299585 0.39819147996605053 2.0381292056408706 1.9966232245787976 2.6540915585064786 5.086969678523019 27.82385928221629 1.3975547841837395 1.548455051379279 1.2401989505451627 17.810853028480782 2.7158733216056135 7.2271958921337491 0.58043206081492726 0.830123578198254 2.7781592216342692 1.8458781735971568 2.7125448578444775 2.8375209267833261 3.0575052182830413 3.563903056201525 1.8548618603963394 0.59227863885462184 5.2386756788473576 4.6320489320205525 0.43023503001313645 9.3351378405932319 2.0778575842559786 3.3274753333535045 2.8482944707066054 1.5112785649253084 25.662954109138809 2.4297741855261847 41.11932961216371 2.0185226066969335 39.945421442040242 3.9767724715929917 5.5534919956116946 0.4922932622139341
leaf_count=5858 8266 29 672 65 196 867 2384 12517 2614 125 61 243 33 128 201 226 341 162 377 131 1568 195 770 1595 335 31 400 34 1066 146 1175 141 263 442 5488 688 178 334 44 75 558 145 374 190 354 428 203 165 236 61 1456 448 258 841 152 222 129 2867 25 1040 970 115 151
internal_value=0.000583793 0.00320263 0.00609542 0.000503962 0.00475265 -0.000222884 0.00987595 -0.0215817 0.0151318 -0.0191456 0.0191556 0.0212053 0.0132152 -0.00439687 0.0379229 0.0131178 -0.0259355 -0.0366827 0.019236 0.0244249 -0.00224002 -0.0122745 0.0207064 0.0123801 0.034211 0.0394259 0.0157582 -0.0233933 -0.0387254 0.0137127 0.0212167 -0.0278266 0.0079111 0.0250489 -0.0382056 -0.00697811 0.0139032 0.0431469 0.0258135 0.0251295 -0.0117459 -0.000818977 -0.0223908 -0.0320072 -0.0443889 -0.0425405 0.021653 -0.00299728 0.00656508 0.0368242 -0.00932772 -0.0225804 -0.0108455 -0.00793697 0.0454444 0.0470801 0.0104361 0.027483 0.0254101 0.0269478 0.030212 0.00997237 0.0430059
internal_weight=393.509 370.645 346.442 242.585 217.71 174.847 118.716 56.1312 102.088 10.9165 103.858 100.381 67.9191 26.4158 32.4615 12.6568 4.78089 24.8741 91.1711 41.5033 26.3749 20.8879 89.5667 55.406 34.1608 31.735 52.9812 6.48281 29.7563 9.01518 46.4984 3.43568 20.1993 42.863 24.2025 6.39165 18.6464 30.5826 3.67578 43.0627 5.21632 5.36664 16.6287 11.8727 6.21654 23.1259 3.37044 11.4192 9.87072 7.87595 12.1727 3.92821 5.18234 5.9058 30.0022 29.604 3.94105 41.6228 2.50179 40.4655 37.8464 10.0226 6.04579
internal_count=61852 53586 47337 42979 36273 32899 15587 17312 11373 2739 4358 3686 2771 1567 915 714 427 6706 8634 1204 3584 3388 7767 6187 1580 1203 5417 1629 13728 789 3788 541 1085 3374 6249 761 842 868 73 3247 836 1211 4214 2599 482 6544 278 664 401 287 1830 643 686 1031 534 503 281 2932 86 1073 2411 1236 266
is_linear=0
shrinkage=0.05


Tree=20
num_leaves=64
num_cat=0
split_feature=30 83 9 3 42 31 68 78 84 40 83 14 25 36 5 39 12 55 47 36 30 78 16 53 77 71 71 26 73 61 73 31 69 54 74 12 45 62 29 22 77 53 72 35 24 45 25 39 38 47 62 73 77 37 40 83 67 37 16 74 30 56 58
split_gain=18.6535 12.3279 14.2793 9.49553 8.11403 11.9102 7.94612 7.54341 7.65611 5.40122 5.37887 4.8215 4.75371 4.90359 4.87492 4.73684 4.41089 4.40182 4.21147 7.84831 4.59723 5.21005 4.69322 3.97639 3.96504 3.88017 5.36203 4.84232 3.87314 4.6463 3.79746 4.02405 3.51305 3.453 3.38795 3.56622 3.30528 3.30264 3.20262 3.1708 3.09814 2.9799 2.97203 2.95462 2.90489 2.89297 2.86332 2.85881 4.60298 2.78961 2.7836 2.66941 2.66422 2.74258 2.65516 3.10262 2.64176 2.64156 2.58785 2.57151 2.55919 2.49053 5.19419
threshold=17.848245620727543 18.590803146362308 270.11735534667974 0.83988949656486522 6654.6271972656259 0.015596986748278143 0.042975543066859252 353675.50000000006 134.47389221191409 450.45053100585943 1.0000000180025095e-35 21.858688354492191 48.407203674316413 -0.97104886174201954 0.034511115401983268 0.0058765972498804339 110.27730560302736 18.784054756164554 945.79089355468761 -0.83572992682456959 0.17572622001171115 339687.00000000006 182.14200592041018 5734.9782714843759 4175.5000000000009 0.47496096789836889 0.81134727597236644 177.51419830322268 -0.85710799694061268 27.122192382812504 -2.4511452913284297 4.3558909893035898 0.1048128977417946 0.061511376872658736 0.30702219903469091 242.1608810424805 27037.329101562504 0.00019764508760999891 0.1786032244563103 323.94430541992193 1834.5000000000002 6780.5859375000009 162.20000457763675 0.62650001049041759 127.26816177368165 1659.958435058594 259.99148559570318 0.0073016935493797073 58.058443069458015 83.952289581298842 0.040293868631124503 -7.2841613292694083 20169.000000000004 -1.0796307325363157 186.50451660156253 18.926616668701175 0.044000811874866493 -0.044688897207379334 30.453896522521976 0.0068396732676774272 0.80410656332969677 1.7585034370422366 35.828582763671882
decision_type=10 10 8 2 2 10 2 2 2 2 10 10 8 2 2 8 10 10 10 2 10 2 10 10 10 2 2 8 10 8 8 8 2 8 10 8 2 2 10 10 8 10 10 2 10 2 10 10 10 10 2 10 10 2 2 10 2 2 10 10 8 10 8
left_child=1 12 3 4 5 -3 10 8 15 11 24 -8 14 38 -1 44 -10 -13 19 23 -21 22 56 -6 -2 -19 -27 30 34 -30 -28 59 33 -4 35 41 -11 -5 -14 50 -41 52 58 -16 -7 -24 54 -17 49 -49 61 -37 53 -12 -18 -56 -22 -9 -20 -32 -34 62 -29
right_child=6 2 32 37 18 7 9 57 16 36 28 17 13 -15 43 47 46 25 42 20 21 -23 45 -25 -26 26 27 39 29 -31 31 -33 60 -35 -36 51 -38 -39 -40 40 -42 -43 -44 -45 -46 -47 -48 48 -50 -51 -52 -53 -54 -55 55 -57 -58 -59 -60 -61 -62 -63 -64
leaf_value=-0.044556654527943218 0.042662993862577422 -0.045346598732270454 -0.00026394705270463249 -0.041616592355802534 0.032152941933602755 -0.010363447394037287 -0.034236200656615812 -0.057837311479609889 -0.057176949471823196 0.011009370787879632 -0.064493131958216751 -0.063917224350508992 -0.033296339861179775 -0.05196115525776554 0.046568588540761714 0.06148624283289697 0.038748597934220239 0.053524623052273769 -0.067111827897478243 0.028174368358566123 0.050034322613498751 -0.045084770880132505 -0.04578719696880662 -0.073953648538874525 -0.083520818426944726 -0.078222730977618463 -0.056756851219405352 -0.044920627482003345 -0.048847280971483054 0.036341791132390326 -0.022341176385011676 -0.046440571009867371 0.064257802049375229 -0.042579674110969148 -0.068926296945904353 0.049538993544437415 -0.059870981130129203 0.055431927643415618 0.055913466574319351 0.022979005541476326 -0.059258995074948452 -0.056428510626074839 -0.081237910903355151 -0.064948722464448938 -0.068753971592075663 0.0060431748623858746 -0.059578790068183479 0.055223846493326616 0.052084165715467493 -0.074915554763588729 -0.085464928690986292 -0.048943604293436221 -0.070795860745019756 0.039139032906121224 0.065255349336770005 -0.045261534321075769 -0.052800390642019336 0.007349241253521481 0.04317316321364182 0.030299365898214522 -0.045524726654364654 0.046271771235502787 0.037754814823913234
leaf_weight=3.7312938696122711 7.6121633164584619 14.99211955803912 5.8248079643235533 13.562481747707348 1.1478506086859841 4.0459957721177453 3.2200561119534532 5.7590797525481277 1.4897244644816989 3.6769729963561977 0.67843406088650304 1.2840961499605317 2.2069012476131347 24.628032041247934 4.2758650232572109 2.2151359126437464 26.009140549926094 13.991399235586867 0.54713560227538138 34.370417085126974 7.5617811081465387 5.0270820113946675 3.3987158301752087 3.8262675285805017 0.67801020154729474 1.2403300289588504 2.1182618163584266 2.4585535147925741 10.071885798039148 1.9030048236309092 2.7521742141689343 2.4449534790182943 1.5860546899202739 27.973271081151324 1.5988902541284904 0.84226034118910309 2.975854946707841 0.93722425698069933 1.8488998289685694 3.9078691606409839 1.619989521364914 1.1598484046699002 0.51789386125164938 0.68977693922352035 4.4980216902913526 12.951987307751549 0.84803559049032529 0.50899892929010127 1.881802554707974 2.1559270757716149 0.44593391107628022 3.7587148049788075 0.65297096438007507 10.825905832869468 0.91895451024174635 2.0556198614649475 0.68075551884248842 2.1285140065010673 19.126995567261474 14.774145097850122 0.79792215878842387 36.604846275557065 8.3589792435523123
leaf_count=1323 168 7340 834 3544 27 232 577 4881 374 143 94 509 240 12158 236 12 590 253 105 2243 95 3121 418 356 100 214 180 324 2728 248 235 314 63 9827 352 54 354 44 44 126 419 230 65 219 346 610 149 12 20 219 58 847 194 418 2 169 116 493 373 359 203 815 201
internal_value=0.000998568 -0.00730434 -0.00258156 0.00338755 0.00692705 -0.00587891 0.0154599 0.00497507 0.0126248 0.0228601 -0.00349044 0.0259032 -0.0337537 -0.0435717 -0.0013721 -0.0163583 0.026788 0.0280081 0.0169106 0.0110305 0.0157332 0.00129685 0.0107777 -0.049468 0.0323431 0.0293093 0.0248935 0.0265878 -0.0129235 -0.0353094 0.00689872 0.0136504 -0.0311491 -0.0352869 0.000811552 0.00703447 -0.0206959 -0.0353436 0.00737133 0.034733 -0.00112159 0.0201458 0.0369939 0.0310777 -0.0411033 -0.00473047 0.0309811 0.0149084 -0.00778394 -0.050059 0.0388736 -0.0309153 0.0274513 0.0330276 0.0336307 -0.0111188 0.0415411 -0.0402463 0.0401061 0.0220332 0.0275134 0.0400428 0.0189648
internal_weight=388.383 246.726 209.346 173.164 158.664 69.5071 141.657 54.515 46.6274 101.874 39.7821 95.2216 37.3808 28.6838 8.69694 15.3059 31.3215 92.0015 89.1569 68.9649 63.9907 29.6203 24.5932 4.97412 8.29017 90.7174 76.726 75.4857 31.4919 11.9749 22.0895 19.9713 36.1821 33.7981 19.517 17.9181 6.65283 14.4997 4.0558 53.3962 5.52786 13.3172 20.192 4.96564 8.54402 16.3507 29.8318 6.76186 4.54673 2.66493 47.8683 4.60098 12.1573 11.5043 28.9837 2.97457 8.24254 7.88759 19.6741 17.5263 2.38398 47.4224 10.8175
internal_count=61617 51103 36883 25956 22368 14839 10514 7499 2125 5081 5433 4584 14220 12442 1778 841 1284 4007 7529 6986 6603 4360 1239 383 268 3498 3245 3031 5165 2976 1088 908 10927 10661 2189 1837 497 3588 284 1943 545 936 543 455 578 1028 910 263 251 231 1398 901 706 512 761 171 211 5374 478 594 266 1340 525
is_linear=0
shrinkage=0.05


Tree=21
num_leaves=64
num_cat=0
split_feature=30 83 9 3 42 78 84 68 44 28 70 19 83 57 39 75 19 35 37 45 69 18 73 46 25 63 77 22 77 42 46 37 25 62 59 57 43 60 54 70 33 35 68 77 28 84 5 59 15 77 78 57 44 63 57 30 41 74 44 72 72 16 73
split_gain=16.6493 11.5572 14.257 8.96948 7.21692 9.63658 7.24314 7.11773 6.77043 5.33045 4.97399 5.99982 4.56578 4.53746 4.48833 5.89286 4.32938 4.64159 5.0427 4.6973 4.16632 4.10278 3.96503 3.68605 3.67659 3.61173 3.36931 3.3285 3.3281 3.51876 3.96557 3.34617 3.3032 3.20844 3.1436 3.11398 3.01218 2.93593 2.93102 2.92855 2.887 2.87191 3.17692 2.87025 2.8315 4.64426 3.49751 3.26731 2.80341 2.79597 2.99783 2.69941 2.68866 2.61561 2.60264 2.59314 2.42154 2.39199 5.19479 3.63136 2.92502 2.35565 2.34222
threshold=17.848245620727543 18.590803146362308 270.11735534667974 0.83988949656486522 6654.6271972656259 353675.50000000006 134.47389221191409 0.042975543066859252 266379.29687500006 0.0033370453165844087 0.35258063673973089 78.780933380126967 118.59209442138673 0.15045282989740374 0.0058765972498804339 254.00000000000003 102.79703903198244 0.82200005650520336 -0.49091742932796473 2321.9072265625005 0.1048128977417946 111.36514282226564 -4.1230072975158683 47.044212341308601 259.06556701660162 5.5717700888635597e-05 4646.5000000000009 330.32035827636724 14464.000000000002 1310.4329833984377 1066.1010742187502 -0.87920120358467091 216.21449279785159 0.00019764508760999891 28.459447860717777 0.3552078008651734 101059.09375000001 41.619222640991218 33.683555603027351 1.0761723518371584 7204.2958984375009 0.37200002372264868 0.15905568003654483 99508.500000000015 0.0070484634488821038 117.66297531127931 0.10381557792425157 0.0046961107291281232 1061.0010375976565 322085.00000000006 23304.500000000004 0.19532068818807605 72556.136718750015 0.015634489245712761 0.013273749034851791 0.70810344815254223 75790.132812500015 0.1392510607838631 26750.336914062504 71.825000762939467 -107.4766502380371 122.78260421752931 -20.732536315917965
decision_type=10 10 8 2 2 2 2 2 2 10 2 10 8 10 10 2 10 2 2 2 2 10 10 10 10 2 10 8 10 2 8 2 10 2 10 8 2 8 10 2 10 2 2 10 10 2 2 10 10 10 2 10 2 2 8 10 2 8 2 8 10 10 10
left_child=1 8 3 4 5 6 14 12 40 38 32 -12 28 -10 -3 -16 17 18 19 -6 49 -18 -13 -24 55 35 -27 34 29 30 -2 -31 -9 -5 43 -14 37 41 -8 -33 -1 42 -25 52 45 46 -43 -47 53 50 61 -15 -20 62 -22 -11 -21 59 -59 60 -46 -4 -23
right_child=7 2 20 33 16 -7 9 10 13 24 11 22 25 51 15 -17 21 -19 27 56 54 48 23 36 -26 26 -28 -29 -30 31 -32 39 -34 -35 -36 -37 -38 -39 -40 -41 -42 44 -44 -45 57 47 -48 -49 -50 -51 -52 -53 -54 -55 -56 -57 -58 58 -60 -61 -62 -63 -64
leaf_value=-0.045474581106402907 -0.059041882463138011 -0.042225184367639002 0.041233482500204623 -0.040836028506651932 -0.073349324708859506 -0.045185575548739761 -0.026696335749534658 0.057678794918577019 -0.034932042373057401 -0.061849869392876247 0.050432744525521593 -0.054266328384916553 0.035102217299357863 0.060859898852367582 0.036226679252077558 -0.066374562478957191 -0.03403890083716743 -0.054104327141140163 -0.054814019295528905 0.015696483452130684 0.063720908940946577 -0.0097646878526653838 -0.059292871733781033 -0.048401032981610942 -0.044969538151551469 0.045600473889674663 -0.078807590005383205 -0.089421542381169436 -0.05946604676769033 -0.055642231552523805 0.001566511719957494 -0.048846335989207151 -0.066994991336184403 0.052263604387481878 -0.012828059503551661 -0.056004154813625952 -0.015869822905525861 -0.081284471110898718 0.05029300178012909 0.030725884079383033 0.059479775351829106 -0.056916540185518852 0.032667963485843103 -0.031269982041183413 -0.061596237778001099 0.028853634235948663 0.040351886670282333 -0.061680688325900457 -0.02281971984509433 0.019736649948491895 -0.04656954721123769 -0.06522937080232892 0.04207975333150011 -0.056366599153128451 -0.044203078597687573 0.03455304326602987 -0.083298522891766535 -0.077985636721619012 0.047854451005798437 -0.034652349069416263 0.028728231219508873 -0.029606605674049616 0.036450955887446193
leaf_weight=29.143423302317391 5.423101932916329 11.026478740852328 1.8050001524388815 13.229309287242355 3.0900431864429247 12.286789647390831 8.418961573392151 11.471437045664057 3.0408535943424786 0.71716234460473671 12.074108700238865 2.1594474723970043 1.5649633211432954 3.5710994501132518 5.2138641793280831 1.9129056631354613 2.7092742463137247 3.1983410976827136 0.74708859197563882 4.9433426661416888 1.7846030244545534 2.9286703359684898 1.657042570383054 3.0136138908565036 1.6526474797865365 8.6976441317237878 0.58055885630892667 0.67231092465226439 3.6537945008894885 1.6605669560376544 5.3725703367963442 1.3224527428683348 0.5570825485337999 0.99502190947532732 4.8165856763953334 2.3407373201334845 6.6893797637894741 0.7173428354144552 1.4489917685277749 9.2031764098210243 0.67028840135026158 1.0762691770505606 2.0175025137141347 1.6294062487722829 0.9294174369424536 1.3944828909588975 6.5398955864366144 3.4923786433937494 2.4633841897011726 2.1196905598335425 25.831430986276246 0.48173571081133548 17.179332827130565 0.82429514086106692 0.81316034804331172 25.530612583621405 0.70595961972139765 0.85759232306735711 18.761661953816656 2.7748923168983231 25.161165526340511 3.3543993015773594 42.898895349440863
leaf_count=13144 1047 999 56 3544 341 11226 1290 102 835 53 166 282 118 26 118 259 1444 443 127 276 28 292 356 199 268 133 133 189 2072 222 388 311 263 44 809 489 721 85 13 520 29 145 49 337 116 66 114 997 465 940 9492 186 566 286 238 613 64 182 271 250 717 173 1890
internal_value=0.00101717 -0.00689368 -0.00229688 0.003696 0.00714026 -0.00509122 0.00371809 0.0146828 -0.032669 0.0161935 0.0217204 0.0176554 -0.00322863 0.011234 -0.0222375 0.00868735 0.0165347 0.00346608 0.00891628 -0.0237849 -0.0310358 0.0258606 0.0125318 0.014453 0.0273646 0.0208365 0.037816 0.0203274 -0.0151402 -0.00809303 -0.0288795 0.0103216 0.0519047 -0.0343235 0.0233548 -0.019499 0.0161173 0.0193235 -0.0153914 0.0207283 -0.0431149 0.0204167 -0.015892 0.0322666 0.023412 0.00219652 0.0266065 -0.0358464 0.0291647 -0.0358197 -0.0396196 0.0458724 0.0380417 0.0319097 0.0299382 0.031919 0.00332567 0.0288829 0.0423538 0.019727 0.0255106 -0.00482342 0.0334975
internal_weight=385.02 243.855 206.948 171.24 157.015 68.2084 55.9216 141.164 36.9074 37.7684 101.345 89.3162 39.8196 7.09369 18.1532 7.12677 88.8069 36.9824 33.7841 8.73935 35.7083 51.8245 77.2421 75.0826 27.9004 13.1839 9.2782 25.0447 26.6357 22.9819 10.7957 12.1862 12.0285 14.2243 24.3724 3.9057 73.4256 66.7362 9.86795 10.5256 29.8137 66.0189 5.03112 19.5558 60.9878 12.503 7.61616 4.88686 49.1152 33.1105 30.9908 4.05284 17.9264 46.6519 2.59776 26.2478 5.6493 48.4847 19.6193 28.8655 26.0906 5.1594 45.8276
internal_count=61617 51103 36883 25956 22368 14839 3613 10514 14220 2237 5081 4716 5433 1047 1376 377 7529 3152 2709 681 10927 4377 4550 4268 934 873 266 2028 4560 2488 1435 1053 365 3588 1839 607 3912 3191 1303 831 13173 3106 248 1030 2858 1322 259 1063 2933 10661 9721 212 693 2468 266 666 340 1536 453 1083 833 229 2182
is_linear=0
shrinkage=0.05


Tree=22
num_leaves=64
num_cat=0
split_feature=30 83 9 3 68 42 31 5 78 76 40 84 6 43 28 72 83 33 27 63 25 40 59 79 52 68 68 77 42 51 80 81 54 37 40 45 77 55 32 63 72 78 58 59 33 73 25 28 75 30 51 25 35 18 40 68 3 24 72 55 67 72 46
split_gain=15.2665 11.2951 12.7986 8.36072 6.85398 6.84074 7.85333 6.4871 5.90507 5.40719 5.37341 5.29701 4.70716 4.47316 8.25886 4.4674 4.36158 4.20804 4.2494 3.95373 3.6386 3.25519 3.19523 3.32037 3.06813 3.05563 3.74516 3.01853 3.22823 3.4994 3.00992 3.74771 2.98725 2.98386 3.05739 2.94417 2.90129 2.86614 2.86288 2.83474 2.80293 3.5333 3.63789 2.7805 2.69226 2.67818 2.62755 2.62357 2.57242 2.54173 3.01009 2.52686 2.49923 2.45773 2.44385 2.53912 2.50671 2.33207 2.31432 2.29902 2.26799 3.67875 2.2313
threshold=17.848245620727543 26.500970840454105 270.11735534667974 0.77792999148368847 0.042975543066859252 5834.2944335937509 1.0000000180025095e-35 0.020626738667488102 350737.00000000006 450.50000000000006 450.45053100585943 134.47389221191409 0.63190060853958141 50818.890625000007 0.011464604176580908 -28.811436653137203 118.59209442138673 5452.2729492187509 9.202458858489992 0.00026866421103477483 226.17230224609378 186.50451660156253 34.620426177978523 7.3566088676452646 6938.6809082031259 0.14455436170101169 0.14881708472967151 14464.000000000002 1310.4329833984377 5.9628448486328134 0.018182634375989441 0.19665537029504779 0.061511376872658736 -0.87920120358467091 117.62845611572267 27037.329101562504 144378.50000000003 0.21410718560218814 11.002375125885012 0.00011129007907584311 26.35086822509766 4666.0000000000009 4.4080402851104745 31.649474143981937 7761.9733886718759 -33.457921981811516 259.99148559570318 0.12917777895927432 13.500000000000002 8.4890928268432635 0.46488606929779058 255.9519958496094 0.43199999630451208 385.62373352050787 93.154670715332045 0.0016464717919006946 0.5124000906944276 119.81916809082033 -44.163764953613274 58.889493942260749 0.051359048113226898 85.218704223632827 4648.8471679687509
decision_type=10 10 8 2 2 2 10 2 2 8 2 2 2 2 10 10 8 10 10 2 10 2 10 2 8 2 2 10 2 8 2 2 8 2 2 2 8 10 2 2 10 2 10 10 10 10 10 10 2 10 8 10 2 10 2 2 2 10 10 10 2 10 10
left_child=1 7 3 5 16 6 -3 47 11 15 13 48 -7 17 -15 -9 27 53 -19 -5 30 38 23 -14 59 32 -27 28 29 -2 -16 58 -4 -30 -35 57 52 -21 46 45 41 -25 -43 -17 -10 -24 -13 -1 -8 50 -47 -22 -20 -6 56 -56 -44 -12 -32 -18 -42 -62 -11
right_child=4 2 25 19 10 12 8 9 44 62 35 21 22 14 20 43 24 18 36 37 51 -23 39 40 -26 26 -28 -29 33 -31 31 -33 -34 34 -36 -37 -38 -39 -40 -41 60 42 54 -45 -46 49 -48 -49 -50 -51 -52 -53 -54 -55 55 -57 -58 -59 -60 -61 61 -63 -64
leaf_value=-0.048426730357175804 -0.057342672516516473 -0.046759499236089769 -0.0025444107593604035 -0.037479569103741027 0.045616422797049479 -0.025047890692352321 0.01694887095077293 0.038483310474774345 -0.056012908301439596 -0.03618549897225741 -0.062218054560849501 0.035893326088815625 -0.071070009378302088 -0.054971310238542015 -0.078386377951640274 -0.043340181391419402 0.036670637033673424 -0.068326732008649221 -0.030981869903796991 0.069859070885227859 0.040810486065595002 -0.041054515084859106 -0.080089555169084517 -0.10053480057898462 -0.046122803652807437 0.062276209118461989 -0.061331294493434843 -0.058170091090228283 -0.054554908529555614 0.00016402621110659456 -0.086883911165079014 -0.083031597807919813 -0.044964765558358023 -0.032176913822465687 0.03297631616037279 -0.058705780986374384 -0.038226209406597607 -0.063893625349072322 -0.059511685638005657 -0.036250093082223059 0.040349610230150441 -0.067868881298522046 0.029880538145474273 0.04916367173623102 0.034180002010125617 -0.060292860795164063 -0.056953584287896701 0.023194069804298542 -0.036715922727249051 -0.064155034979167316 0.027746773088669099 -0.077237788961968104 0.029329236389475218 -0.02022491673248708 0.021575211440512321 -0.073110661036521182 -0.044786889842047352 0.030322562757841856 0.032562823735547523 -0.035180485474234968 0.028496717600175622 -0.074428749688624438 0.043107001948166072
leaf_weight=24.811925454210726 5.3130620763695378 9.6484503180108714 5.1635483304271537 14.942850285704482 33.918478973355377 6.2931510331691234 3.3280272732954455 7.5570315741933882 5.1949617159989421 13.094868869098715 0.89906926406547372 21.158032283419754 0.88711625896394153 4.5257844999723629 1.2494271302712174 3.7442836945410836 10.325796580553286 1.3656206379819185 1.8308958527632118 1.5681405350624111 12.047594060946718 1.7877184476237733 0.76085073297144745 0.6499698087573077 1.5435611944994878 1.7591971226793242 0.94037357147317369 3.5384401894843895 1.5997566897422064 5.2688523435499528 0.4415541616617692 0.98914759006584052 21.145933512161719 2.3044819438364348 8.2351328010554408 3.012956060556462 1.89427568038809 0.53791995905339707 0.87827395740896363 3.8717697194224447 31.709589081205195 1.1988570210814966 23.152844252646908 1.0374283026903866 0.98413591142161738 1.0480108873744018 0.79047115065622975 1.348131336402729 6.787270876346156 0.92755140224471766 13.190927110204939 0.47104079279233779 27.787077872053487 1.4791561005404208 1.513203105569118 1.3306407206400761 1.1813947739137791 2.8042222942458466 4.969383060466499 1.2478512174566265 3.5015997341251923 1.1543457547086289 0.95170665218029249
leaf_count=11853 1106 5145 800 3747 684 1157 118 223 4051 5594 49 484 157 1007 128 744 297 332 63 15 327 156 78 5 400 22 308 2072 222 329 48 95 8480 331 500 354 459 132 169 1619 977 228 1053 41 127 386 140 380 587 130 749 94 1071 155 171 383 212 94 121 176 227 221 34
internal_value=0.00101209 -0.00658636 -0.000885001 0.00465579 0.0142096 0.00860354 -0.00618205 -0.0270921 0.00338823 -0.00959904 0.0211861 0.011401 0.0166961 0.0243062 0.0060696 0.0145514 -0.00345211 0.0309021 0.0180221 -0.0284401 0.0197673 0.0239189 0.0197479 0.025013 0.0200927 -0.0314412 0.0192185 -0.0152132 -0.00852339 -0.0287095 -0.00740118 0.00645658 -0.0366393 0.00907285 0.0187306 -0.0220041 0.0217642 0.0356966 0.0290074 0.00212246 0.0263165 0.0147299 0.01737 -0.0232708 -0.041648 0.0114504 0.0325495 -0.0447358 -0.0190597 0.0160427 0.0212669 0.0363687 0.025601 0.0428651 0.02113 -0.0227285 0.0262555 0.00785595 0.0228155 0.0289238 0.0355649 0.00297847 -0.0308131
internal_weight=380.595 241.533 188.987 159.978 139.063 142.929 50.5573 52.5454 40.9089 26.3853 99.6857 34.7298 92.3718 92.9694 24.6939 12.3387 39.3769 68.2755 32.8779 17.0489 20.1681 24.6145 86.0787 66.2796 13.1172 29.0091 2.69957 26.2597 22.7213 10.5819 7.64951 6.40008 26.3095 12.1394 10.5396 6.71625 31.5122 2.10606 22.8268 19.7991 65.3924 29.0269 28.3769 4.78171 6.1791 15.9273 21.9485 26.1601 10.1153 15.1665 14.2389 12.5186 29.618 35.3976 27.1781 2.84384 24.3342 3.70329 5.41094 11.5736 36.3655 4.65595 14.0466
internal_count=61617 51103 32234 22624 10514 18730 10977 18869 5832 6636 5081 1654 7753 4584 1820 1008 5433 2764 1925 3894 813 949 6596 3634 873 9610 330 4560 2488 1435 392 264 9280 1053 831 497 1593 147 793 2962 3477 2052 2047 785 4178 1343 624 12233 705 1265 1135 421 1134 839 1819 554 1265 143 169 473 1425 448 5628
is_linear=0
shrinkage=0.05


Tree=23
num_leaves=64
num_cat=0
split_feature=30 83 9 3 30 26 54 68 44 34 54 70 19 12 83 77 57 83 69 16 17 24 35 52 28 18 54 74 19 36 62 25 63 72 74 77 57 74 37 26 12 77 17 28 18 48 83 35 21 77 78 33 16 60 78 51 54 58 28 63 76 78 57
split_gain=14.1807 10.8442 12.9322 7.98642 6.53039 8.53589 6.3932 6.08282 5.78916 5.29805 5.13077 4.99197 4.8041 4.63522 3.99448 3.96934 3.9547 3.89714 3.8378 3.39333 3.92485 3.4571 3.20557 5.33756 4.29728 4.46973 3.68764 3.11092 3.10115 3.0887 3.04654 3.0253 2.97597 2.9714 2.96352 2.92893 2.92568 2.89838 2.8649 2.80485 3.40326 2.73124 2.69651 2.54388 4.25008 3.95643 3.55195 2.54235 2.51226 2.49294 2.7871 2.47921 2.45226 2.43784 3.81791 3.44882 2.96319 2.50507 2.43138 2.43109 2.37128 2.34092 2.32205
threshold=17.848245620727543 18.590803146362308 270.11735534667974 0.83988949656486522 0.17572622001171115 213.93561553955081 9.3719353675842303 0.042975543066859252 266379.29687500006 1.0000000180025095e-35 0.84249293804168712 0.35258063673973089 78.780933380126967 120.77630996704103 118.59209442138673 95864.000000000015 0.15045282989740374 277.74047851562506 0.1048128977417946 383.00289916992193 535.23675537109386 109.56529998779298 0.45299999415874487 7747.8383789062509 0.0070484634488821038 11.50509023666382 478.21253967285162 -0.034968120977282517 91.000705718994155 -0.83572992682456959 0.00019764508760999891 216.21449279785159 5.5717700888635597e-05 190.62355041503909 -0.0025835362030193205 14464.000000000002 0.3552078008651734 -0.082556970417499528 -1.0796307325363157 259.36375427246099 336.58233642578131 4646.5000000000009 269.60655212402349 0.014295002911239864 53.237562179565437 255.92763519287112 131.3614196777344 0.8349999487400056 378.65110778808599 322085.00000000006 23304.500000000004 7427.7529296875009 66.61114883422853 1.5548828244209292 284980.50000000006 6.5137798786163339 10.002736091613771 9.1418390274047869 0.0048622493632137784 1.0000000180025095e-35 13107.000000000002 164688.00000000003 0.19532068818807605
decision_type=10 10 8 2 10 10 10 2 2 2 10 2 10 10 8 10 10 10 2 10 8 10 2 8 10 10 8 10 10 2 2 10 2 8 10 10 8 10 2 8 10 10 8 10 10 10 10 2 10 10 2 10 10 10 2 8 10 10 10 2 8 2 10
left_child=1 8 3 4 29 6 10 14 51 17 -6 31 42 34 35 28 -10 -7 49 20 22 -21 23 26 25 61 -14 37 -15 -3 -5 -9 36 -29 -12 38 -16 -8 -2 40 -19 -34 -13 -26 -45 -46 48 52 -47 50 -4 -1 -31 55 -55 56 -40 -56 -41 -11 -57 -24 -18
right_child=7 2 18 30 5 9 27 11 16 59 13 12 19 15 32 -17 62 39 -20 21 -22 -23 24 -25 43 -27 -28 33 -30 47 -32 -33 41 -35 -36 -37 -38 -39 53 58 -42 -43 -44 44 45 46 -48 -49 -50 -51 -52 -53 -54 54 57 60 -58 -59 -60 -61 -62 -63 -64
leaf_value=-0.043802141015868747 -0.061216144715638444 -0.079512077065531817 -0.0054515159537324208 -0.0395479700309639 -0.029117368150772774 -0.040644760041868427 -0.065552337210630113 0.055927618179712417 -0.033351165739595276 0.038779984657418352 0.022850212939707598 -0.08608684481986123 -0.040108172423882392 -0.065377609202181053 0.032220250228220226 -0.058848719150026298 0.057860939791345392 -0.0023018786682414082 0.029166671697713083 0.05093935124185707 -0.04564227414579617 -0.087344880332095684 -0.079042650476723278 0.057914932841276412 0.042499162088100416 -0.040492016605963452 0.029444381438189494 -0.033694819576224486 0.031889139197839408 -0.035123987846796691 0.047384370697936821 -0.065366493642550011 0.04264995411907227 0.030372000871446526 -0.057336596279861887 -0.057415274965118238 -0.053925491361536987 0.039930570709848845 0.056442312277785192 -0.062757185523834191 -0.07351658623624116 -0.074747081803006668 0.050497690037063774 -0.085536322972551315 -0.025720856125992699 -0.0088920803037643506 -0.082624195316311405 -0.06365435183450209 0.040157193324195151 0.017664705446759812 -0.045586235148330198 0.062553781466842415 0.031224476055160641 -0.031614623346125185 -0.066855533707128281 0.025838799606135488 -0.05389042660973823 0.049166059980930828 0.053906689119037322 -0.05600370516494331 -0.069997269216204763 0.03167751805970153 -0.063163272840094334
leaf_weight=28.096766259666769 2.2509348785970387 0.69612242700531979 5.2623661663383308 12.721674578380769 5.1138489274599115 19.201962603299766 0.78490979591151688 11.535776304604948 2.9923988143855231 4.9415545896627 1.9754786178818902 0.37335380411240926 8.848505236441266 0.83403929852647607 1.7582730561844071 1.2853853668784712 3.3450517560704616 7.2427647494187095 2.5421266235352951 7.4280069923843248 3.256915104109793 0.48124934241059225 0.52583940699696352 2.335731102153658 13.0417834140826 5.9373835297010373 2.4288394846953461 13.186011521785982 46.918590516332188 1.4493088838062238 1.0945340752950858 0.53805506625212807 8.4581053362926433 2.097739599761554 2.7649431620084206 3.3984237124677739 2.2427783845341756 3.8235874643432934 0.68250535463449047 0.53347252318053451 2.1833557359641418 0.52625971561065021 11.247353720798856 1.003147282317516 4.0383349033654694 3.1008121687918964 0.69490666923229483 0.76162415090948243 16.513176062260754 2.1218894725316195 24.301050509297056 0.55883536164765146 35.627578533807537 2.7022817071992886 0.50684574851766218 4.6481772209517667 5.6154256269219331 5.6685358313261531 2.7425428380956873 0.78381545236334194 0.74953529774211336 5.1811853591061663 0.44961054367013265
leaf_count=13161 312 43 229 3544 841 9356 470 102 835 148 201 45 591 138 118 1020 26 522 266 93 546 147 54 9 173 1470 38 2991 2123 931 44 263 133 228 807 2072 489 278 8 174 193 133 121 147 439 127 77 101 488 940 9492 12 1674 251 170 208 1197 246 38 91 96 151 186
internal_value=0.00100341 -0.00637474 -0.00191913 0.00376432 0.00701224 0.00110658 0.0104636 0.0137774 -0.0318935 -0.018484 0.0187415 0.0204067 0.0162001 0.0232924 -0.00287899 0.0278564 0.00962846 -0.0264318 -0.0299425 0.0115544 0.00789324 0.0425253 0.0106326 -0.0108798 0.0164854 -0.010121 -0.0251284 -0.0140438 0.0301903 0.0248534 -0.0326611 0.0505223 0.0197999 -0.0249015 -0.0239203 -0.0141096 -0.0160685 0.0219649 -0.00766153 -0.00494583 -0.0187972 0.0357734 0.0461095 0.0245551 0.0153236 0.0194792 0.028467 0.0267734 0.0324029 -0.0346848 -0.0384421 -0.041728 0.028631 -0.0018021 0.0179532 -0.0167975 -0.0419337 0.0396436 0.0349089 0.0258039 0.0125308 0.0214759 0.0435214
internal_weight=376.153 238.435 202.992 168.765 154.949 116.414 78.7845 137.718 35.4427 37.6295 58.8923 98.5104 86.4365 53.7784 39.2081 49.038 6.78706 31.9041 34.2274 74.8158 66.9066 7.90926 63.6496 13.6131 50.0366 11.6444 11.2773 19.8922 47.7526 38.5346 13.8162 12.0738 12.9854 15.2838 4.74042 26.2227 4.00105 4.6085 22.8242 12.7021 9.42612 8.98437 11.6207 38.3922 25.3504 24.3472 20.3089 37.8385 19.614 31.6853 29.5634 28.6556 37.0769 20.5733 8.87766 11.6956 6.29793 6.17538 3.27602 5.72537 5.39771 5.70702 3.79466
internal_count=61617 51103 36883 25956 22368 19619 9097 10514 14220 10522 5130 5081 4716 4289 5433 3281 1047 10283 10927 4550 4310 240 3764 638 3126 1675 629 3967 2261 2749 3588 365 873 3219 1008 4560 607 748 2488 927 715 266 166 1451 1278 1131 692 2706 615 10661 9721 13173 2605 2176 667 1509 1205 416 212 239 304 205 212
is_linear=0
shrinkage=0.05


end of trees

feature_importances:
agb_tonne_ha=54
NDVI_trend5=47
GPW=46
country_pa_cumsum_lag1_pixels=38
GSN_b4_smooth16=36
dist_road=34
HNTL_trend5=33
GSN_b2=32
dist_wdpa=32
pa_momentum_pixels_lag2=30
policy_b3=28
policy_b4=28
dist_indigenous=28
WorldClim_b10=27
HNTL=27
pa_momentum_pixels_lag3=27
dist_powerplant=25
GPW_smooth16=24
deforestation_b1_trend5=24
WorldClim_b18=23
dist_oil_gas=23
GSN_b4=22
WorldClim_b7=22
WorldClim_b12=22
policy_b2=22
economic_value_lag1=22
dist_redd_km=22
HNTL_smooth64=21
pa_momentum_pixels_lag1=21
elevation_b1_smooth64=20
GPW_smooth64=20
GSN_b1_smooth64=20
deforestation_b1_smooth64=19
GSN_b3_smooth64=19
WorldClim_b6=18
WorldClim_b11=18
deforestation_b2=18
deforestation_b3=18
GSN_b2_smooth64=17
GSN_b5=16
WorldClim_b1=16
elevation_b2=15
WorldClim_b9=15
GSN_b5_smooth64=15
WorldClim_b2=14
WorldClim_b14=14
WorldClim_b17=14
GSN_b1_smooth16=14
GSN_b4_smooth64=14
patch_mean_gsn_b2=14
GSN_b3=13
WorldClim_b5=13
WorldClim_b13=13
WorldClim_b15=13
WorldClim_b19=13
wildfire_b2=13
elevation_b1_smooth16=13
NDVI_smooth16=13
NDVI_smooth64=13
GSN_b2_smooth16=13
wildfire_b1_smooth64=12
patch_pa_adjacency_frac=12
elevation_b1=11
NDVI=11
deforestation_b1_smooth16=11
wildfire_b1_smooth16=11
GSN_b5_smooth16=11
wildfire_b1=10
elevation_b2_smooth64=10
WorldClim_b8=9
landcover=9
GSN_b3_smooth16=9
log_patch_size_km2=9
elevation_b2_smooth4=8
HNTL_smooth16=8
WorldClim_b4=7
deforestation_b1=7
elevation_b2_smooth16=7
elevation_b1_smooth4=6
WorldClim_b16=5
policy_b1=5
GSN_b1=3
WorldClim_b3=3

parameters:
[boosting: gbdt]
[objective: lambdarank]
[metric: ndcg]
[tree_learner: serial]
[device_type: cpu]
[data_sample_strategy: bagging]
[data: ]
[valid: ]
[num_iterations: 500]
[learning_rate: 0.05]
[num_leaves: 64]
[num_threads: -1]
[seed: 0]
[deterministic: 0]
[force_col_wise: 0]
[force_row_wise: 0]
[histogram_pool_size: -1]
[max_depth: -1]
[min_data_in_leaf: 10]
[min_sum_hessian_in_leaf: 0.001]
[bagging_fraction: 0.8]
[pos_bagging_fraction: 1]
[neg_bagging_fraction: 1]
[bagging_freq: 5]
[bagging_seed: 3]
[bagging_by_query: 0]
[feature_fraction: 0.8]
[feature_fraction_bynode: 1]
[feature_fraction_seed: 2]
[extra_trees: 0]
[extra_seed: 6]
[early_stopping_round: 0]
[early_stopping_min_delta: 0]
[first_metric_only: 0]
[max_delta_step: 0]
[lambda_l1: 0]
[lambda_l2: 0]
[linear_lambda: 0]
[min_gain_to_split: 0]
[drop_rate: 0.1]
[max_drop: 50]
[skip_drop: 0.5]
[xgboost_dart_mode: 0]
[uniform_drop: 0]
[drop_seed: 4]
[top_rate: 0.2]
[other_rate: 0.1]
[min_data_per_group: 100]
[max_cat_threshold: 32]
[cat_l2: 10]
[cat_smooth: 10]
[max_cat_to_onehot: 4]
[top_k: 20]
[monotone_constraints: ]
[monotone_constraints_method: basic]
[monotone_penalty: 0]
[feature_contri: ]
[forcedsplits_filename: ]
[refit_decay_rate: 0.9]
[cegb_tradeoff: 1]
[cegb_penalty_split: 0]
[cegb_penalty_feature_lazy: ]
[cegb_penalty_feature_coupled: ]
[path_smooth: 0]
[interaction_constraints: ]
[verbosity: -1]
[saved_feature_importance_type: 0]
[use_quantized_grad: 0]
[num_grad_quant_bins: 4]
[quant_train_renew_leaf: 0]
[stochastic_rounding: 1]
[linear_tree: 0]
[max_bin: 255]
[max_bin_by_feature: ]
[min_data_in_bin: 3]
[bin_construct_sample_cnt: 200000]
[data_random_seed: 1]
[is_enable_sparse: 1]
[enable_bundle: 1]
[use_missing: 1]
[zero_as_missing: 0]
[feature_pre_filter: 1]
[pre_partition: 0]
[two_round: 0]
[header: 0]
[label_column: ]
[weight_column: ]
[group_column: ]
[ignore_column: ]
[categorical_feature: ]
[forcedbins_filename: ]
[precise_float_parser: 0]
[parser_config_file: ]
[objective_seed: 5]
[num_class: 1]
[is_unbalance: 0]
[scale_pos_weight: 1]
[sigmoid: 1]
[boost_from_average: 1]
[reg_sqrt: 0]
[alpha: 0.9]
[fair_c: 1]
[poisson_max_delta_step: 0.7]
[tweedie_variance_power: 1.5]
[lambdarank_truncation_level: 50]
[lambdarank_norm: 1]
[label_gain: ]
[lambdarank_position_bias_regularization: 0]
[eval_at: 10]
[multi_error_top_k: 1]
[auc_mu_weights: ]
[num_machines: 1]
[local_listen_port: 12400]
[time_out: 120]
[machine_list_filename: ]
[machines: ]
[gpu_platform_id: -1]
[gpu_device_id: -1]
[gpu_use_dp: 0]
[num_gpu: 1]

end of parameters

pandas_categorical:null
